username,user,mail,jogoname,jogoage,jogorelease,devname,devloc
Marta32,Marta,marta32@outlook.pt,Last War,2,2016-07-16 20:26,Pokemon,Martin
Marta32,Marta,marta32@outlook.pt,War I,2,2018-04-21 01:43,Valve,Lisboa
Marta32,Marta,marta32@outlook.pt,Dawn Final,8,2018-08-23 14:24,Sony,Faro
Marta32,Marta,marta32@outlook.pt,Ultra Motor,18,2017-10-23 16:08,Valve,Lisboa
Marta32,Marta,marta32@outlook.pt,Last Plus,18,2017-02-13 02:13,Intel,Coimbra
Leonor1,Leonor,leonor1@outlook.pt,Soldier Soldier,16,2016-03-01 10:47,Sony,Faro
Rafaela56,Rafaela,rafaela56@hotmail.com,Night Digital,12,2015-02-06 00:38,Pokemon,Martin
Soraia45,Soraia,soraia45@ua.pt,Final Sun,8,2016-09-01 08:22,Naughty Dog,Martin
João32,João,joão32@outlook.pt,Pro Last,12,2018-09-12 15:31,Naughty Dog,Martin
João32,João,joão32@outlook.pt,Last Sun,18,2015-06-26 12:36,Intel,Coimbra
João32,João,joão32@outlook.pt,First Night,12,2017-01-28 01:18,Valve,Lisboa
Rita0,Rita,rita0@ua.pt,War Insane,18,2018-11-01 00:13,Sony,Faro
José47,José,josé47@ua.pt,Digital Pro,8,2017-11-14 01:24,Intel,Coimbra
José47,José,josé47@ua.pt,Ultra II,8,2015-04-25 15:13,Pokemon,Martin
José47,José,josé47@ua.pt,I Earth,18,2018-05-23 02:48,Intel,Coimbra
José47,José,josé47@ua.pt,Digital Infamous,12,2018-11-07 01:24,Valve,Lisboa
José47,José,josé47@ua.pt,Extreme II,2,2015-05-26 09:52,Pokemon,Martin
José47,José,josé47@ua.pt,Earth First,8,2016-06-23 15:31,Nintendo,Faro
Alice47,Alice,alice47@outlook.pt,II Dawn,12,2016-05-13 23:47,Nintendo,Faro
Alice47,Alice,alice47@outlook.pt,First Final,2,2017-01-12 21:26,Nintendo,Faro
Alice47,Alice,alice47@outlook.pt,Soldier Ultra,18,2015-12-15 08:55,Naughty Dog,Martin
Alice47,Alice,alice47@outlook.pt,Soldier Soldier,16,2016-03-01 10:47,Sony,Faro
Alice50,Alice,alice50@outlook.pt,Soldier Last,2,2017-10-01 22:56,Nintendo,Faro
Alice50,Alice,alice50@outlook.pt,I Earth,18,2018-05-23 02:48,Intel,Coimbra
Alice50,Alice,alice50@outlook.pt,Extreme II,2,2015-05-26 09:52,Pokemon,Martin
Alice50,Alice,alice50@outlook.pt,II Fight,8,2018-11-20 22:33,Pokemon,Martin
Alice50,Alice,alice50@outlook.pt,Pro Last,12,2018-09-12 15:31,Naughty Dog,Martin
Alice50,Alice,alice50@outlook.pt,Sun Pro,8,2015-06-04 09:34,Intel,Coimbra
Teresa23,Teresa,teresa23@outlook.pt,Pro Fight,16,2017-10-04 09:41,Nintendo,Faro
Teresa23,Teresa,teresa23@outlook.pt,Ultra Motor,18,2017-10-23 16:08,Valve,Lisboa
Teresa23,Teresa,teresa23@outlook.pt,I Earth,18,2018-05-23 02:48,Intel,Coimbra
Teresa23,Teresa,teresa23@outlook.pt,First Night,12,2017-01-28 01:18,Valve,Lisboa
Francisca18,Francisca,francisca18@outlook.pt,First Night,12,2017-01-28 01:18,Valve,Lisboa
Francisca18,Francisca,francisca18@outlook.pt,Final Sun,8,2016-09-01 08:22,Naughty Dog,Martin
Francisca18,Francisca,francisca18@outlook.pt,Soldier Last,2,2017-10-01 22:56,Nintendo,Faro
Francisca18,Francisca,francisca18@outlook.pt,Dawn First,8,2015-06-11 10:35,Naughty Dog,Martin
Francisca18,Francisca,francisca18@outlook.pt,Digital Infamous,12,2018-11-07 01:24,Valve,Lisboa
Francisca18,Francisca,francisca18@outlook.pt,Ultra I,12,2017-07-19 01:16,Valve,Lisboa
Mafalda30,Mafalda,mafalda30@outlook.pt,War Ultra,12,2015-10-02 08:09,Intel,Coimbra
Mafalda30,Mafalda,mafalda30@outlook.pt,Digital Pro,8,2017-11-14 01:24,Intel,Coimbra
Mafalda30,Mafalda,mafalda30@outlook.pt,Ultra II,8,2015-04-25 15:13,Pokemon,Martin
Mafalda30,Mafalda,mafalda30@outlook.pt,Infamous Digital,12,2017-04-25 20:31,Pokemon,Martin
Mafalda30,Mafalda,mafalda30@outlook.pt,Ultimate Fight,12,2017-01-02 12:17,Valve,Lisboa
Ana49,Ana,ana49@outlook.pt,First Final,2,2017-01-12 21:26,Nintendo,Faro
Ana49,Ana,ana49@outlook.pt,Extreme II,2,2015-05-26 09:52,Pokemon,Martin
Ana49,Ana,ana49@outlook.pt,Digital Infamous,12,2018-11-07 01:24,Valve,Lisboa
Ana49,Ana,ana49@outlook.pt,Night War,12,2015-03-20 19:12,Naughty Dog,Martin
Ana49,Ana,ana49@outlook.pt,Ultimate Dawn,16,2015-12-07 13:29,Nintendo,Faro
Ana49,Ana,ana49@outlook.pt,Dawn Sun,2,2017-03-05 14:45,Naughty Dog,Martin
Francisca75,Francisca,francisca75@hotmail.com,War Ultra,12,2015-10-02 08:09,Intel,Coimbra
Francisca75,Francisca,francisca75@hotmail.com,Last War,2,2016-07-16 20:26,Pokemon,Martin
Rodrigo37,Rodrigo,rodrigo37@ua.pt,Soldier Last,2,2017-10-01 22:56,Nintendo,Faro
Rodrigo37,Rodrigo,rodrigo37@ua.pt,Extreme II,2,2015-05-26 09:52,Pokemon,Martin
Rodrigo37,Rodrigo,rodrigo37@ua.pt,Earth First,8,2016-06-23 15:31,Nintendo,Faro
Rodrigo37,Rodrigo,rodrigo37@ua.pt,Last Plus,18,2017-02-13 02:13,Intel,Coimbra
Ana53,Ana,ana53@hotmail.com,Soldier Last,2,2017-10-01 22:56,Nintendo,Faro
Ana53,Ana,ana53@hotmail.com,Soldier Sun,12,2015-09-02 05:42,Sony,Faro
Ana53,Ana,ana53@hotmail.com,War Insane,18,2018-11-01 00:13,Sony,Faro
Ana53,Ana,ana53@hotmail.com,I Earth,18,2018-05-23 02:48,Intel,Coimbra
Ana53,Ana,ana53@hotmail.com,Last War,2,2016-07-16 20:26,Pokemon,Martin
Ana53,Ana,ana53@hotmail.com,Dawn Final,8,2018-08-23 14:24,Sony,Faro
Teresa68,Teresa,teresa68@hotmail.com,Last War,2,2016-07-16 20:26,Pokemon,Martin
Teresa68,Teresa,teresa68@hotmail.com,Ultimate Fight,12,2017-01-02 12:17,Valve,Lisboa
Luís78,Luís,luís78@hotmail.com,Infamous Dawn,2,2018-03-20 12:05,Sony,Faro
Luís78,Luís,luís78@hotmail.com,Sun War,12,2015-04-11 09:37,Sony,Faro
Luís78,Luís,luís78@hotmail.com,Dawn First,8,2015-06-11 10:35,Naughty Dog,Martin
Luís78,Luís,luís78@hotmail.com,Ultra II,8,2015-04-25 15:13,Pokemon,Martin
Luís78,Luís,luís78@hotmail.com,Extreme Motor,8,2015-06-03 07:06,Pokemon,Martin
Filipa72,Filipa,filipa72@outlook.pt,Extreme II,2,2015-05-26 09:52,Pokemon,Martin
Filipa72,Filipa,filipa72@outlook.pt,Ultra Motor,18,2017-10-23 16:08,Valve,Lisboa
Filipa72,Filipa,filipa72@outlook.pt,Digital Pro,8,2017-11-14 01:24,Intel,Coimbra
Filipa72,Filipa,filipa72@outlook.pt,I Earth,18,2018-05-23 02:48,Intel,Coimbra
Maria29,Maria,maria29@ua.pt,Digital Pro,8,2017-11-14 01:24,Intel,Coimbra
Maria29,Maria,maria29@ua.pt,Night War,12,2015-03-20 19:12,Naughty Dog,Martin
Maria29,Maria,maria29@ua.pt,Infamous Dawn,2,2018-03-20 12:05,Sony,Faro
Margarida81,Margarida,margarida81@ua.pt,Soldier Sun,12,2015-09-02 05:42,Sony,Faro
Margarida81,Margarida,margarida81@ua.pt,War I,2,2018-04-21 01:43,Valve,Lisboa
Margarida81,Margarida,margarida81@ua.pt,Night Digital,12,2015-02-06 00:38,Pokemon,Martin
Margarida81,Margarida,margarida81@ua.pt,I Earth,18,2018-05-23 02:48,Intel,Coimbra
Margarida81,Margarida,margarida81@ua.pt,Dawn First,8,2015-06-11 10:35,Naughty Dog,Martin
João33,João,joão33@outlook.pt,Extreme II,2,2015-05-26 09:52,Pokemon,Martin
João33,João,joão33@outlook.pt,War I,2,2018-04-21 01:43,Valve,Lisboa
Marta58,Marta,marta58@hotmail.com,I Earth,18,2018-05-23 02:48,Intel,Coimbra
Lara39,Lara,lara39@ua.pt,First Final,2,2017-01-12 21:26,Nintendo,Faro
Lara39,Lara,lara39@ua.pt,Digital Infamous,12,2018-11-07 01:24,Valve,Lisboa
Carla5,Carla,carla5@ua.pt,Soldier Sun,12,2015-09-02 05:42,Sony,Faro
Luís87,Luís,luís87@ua.pt,Car Earth,16,2018-09-14 06:09,Valve,Lisboa
Pedro22,Pedro,pedro22@hotmail.com,Ultra Motor,18,2017-10-23 16:08,Valve,Lisboa
Pedro22,Pedro,pedro22@hotmail.com,Soldier Motor,8,2016-01-01 03:34,Sony,Faro
Pedro22,Pedro,pedro22@hotmail.com,Ultimate Dawn,16,2015-12-07 13:29,Nintendo,Faro
Pedro22,Pedro,pedro22@hotmail.com,Last Plus,18,2017-02-13 02:13,Intel,Coimbra
Rodrigo24,Rodrigo,rodrigo24@outlook.pt,I Earth,18,2018-05-23 02:48,Intel,Coimbra
Rodrigo24,Rodrigo,rodrigo24@outlook.pt,Soldier Motor,8,2016-01-01 03:34,Sony,Faro
Rodrigo24,Rodrigo,rodrigo24@outlook.pt,Infamous Dawn,2,2018-03-20 12:05,Sony,Faro
Rodrigo24,Rodrigo,rodrigo24@outlook.pt,Infamous Digital,12,2017-04-25 20:31,Pokemon,Martin
Miguel70,Miguel,miguel70@hotmail.com,Infamous Digital,12,2017-04-25 20:31,Pokemon,Martin
Miguel70,Miguel,miguel70@hotmail.com,Car Earth,16,2018-09-14 06:09,Valve,Lisboa
Pedro73,Pedro,pedro73@outlook.pt,Dawn Sun,2,2017-03-05 14:45,Naughty Dog,Martin
Pedro73,Pedro,pedro73@outlook.pt,Infamous Digital,12,2017-04-25 20:31,Pokemon,Martin
Pedro73,Pedro,pedro73@outlook.pt,War Ultra,12,2015-10-02 08:09,Intel,Coimbra
Rosa68,Rosa,rosa68@ua.pt,I Earth,18,2018-05-23 02:48,Intel,Coimbra
Rosa68,Rosa,rosa68@ua.pt,Final Sun,8,2016-09-01 08:22,Naughty Dog,Martin
Rosa68,Rosa,rosa68@ua.pt,Car Earth,16,2018-09-14 06:09,Valve,Lisboa
Rosa68,Rosa,rosa68@ua.pt,War Insane,18,2018-11-01 00:13,Sony,Faro
Ana65,Ana,ana65@hotmail.com,Dawn First,8,2015-06-11 10:35,Naughty Dog,Martin
José62,José,josé62@outlook.pt,Ultra Motor,18,2017-10-23 16:08,Valve,Lisboa
José62,José,josé62@outlook.pt,II Fight,8,2018-11-20 22:33,Pokemon,Martin
José62,José,josé62@outlook.pt,Sun War,12,2015-04-11 09:37,Sony,Faro
José62,José,josé62@outlook.pt,Night War,12,2015-03-20 19:12,Naughty Dog,Martin
Lara95,Lara,lara95@ua.pt,II Fight,8,2018-11-20 22:33,Pokemon,Martin
Lara95,Lara,lara95@ua.pt,War Insane,18,2018-11-01 00:13,Sony,Faro
Soraia33,Soraia,soraia33@ua.pt,Night Digital,12,2015-02-06 00:38,Pokemon,Martin
Soraia33,Soraia,soraia33@ua.pt,Last Plus,18,2017-02-13 02:13,Intel,Coimbra
Lara44,Lara,lara44@ua.pt,Earth Motor,2,2018-12-18 22:47,Nintendo,Faro
Lara44,Lara,lara44@ua.pt,Ultimate Fight,12,2017-01-02 12:17,Valve,Lisboa
Lara44,Lara,lara44@ua.pt,I Earth,18,2018-05-23 02:48,Intel,Coimbra
Lara44,Lara,lara44@ua.pt,Ultra I,12,2017-07-19 01:16,Valve,Lisboa
Marta50,Marta,marta50@hotmail.com,Sun War,12,2015-04-11 09:37,Sony,Faro
Marta50,Marta,marta50@hotmail.com,Car Earth,16,2018-09-14 06:09,Valve,Lisboa
Marta50,Marta,marta50@hotmail.com,Last Sun,18,2015-06-26 12:36,Intel,Coimbra
Marta50,Marta,marta50@hotmail.com,Soldier Ultra,18,2015-12-15 08:55,Naughty Dog,Martin
Marta50,Marta,marta50@hotmail.com,Extreme II,2,2015-05-26 09:52,Pokemon,Martin
Teresa69,Teresa,teresa69@ua.pt,Ultimate Fight,12,2017-01-02 12:17,Valve,Lisboa
Teresa69,Teresa,teresa69@ua.pt,Earth First,8,2016-06-23 15:31,Nintendo,Faro
Teresa69,Teresa,teresa69@ua.pt,II Dawn,12,2016-05-13 23:47,Nintendo,Faro
Rosa56,Rosa,rosa56@ua.pt,War Ultra,12,2015-10-02 08:09,Intel,Coimbra
Maria86,Maria,maria86@hotmail.com,First Final,2,2017-01-12 21:26,Nintendo,Faro
Maria86,Maria,maria86@hotmail.com,Ultra I,12,2017-07-19 01:16,Valve,Lisboa
Maria86,Maria,maria86@hotmail.com,Digital Infamous,12,2018-11-07 01:24,Valve,Lisboa
Maria86,Maria,maria86@hotmail.com,War Ultra,12,2015-10-02 08:09,Intel,Coimbra
Maria86,Maria,maria86@hotmail.com,Dawn Final,8,2018-08-23 14:24,Sony,Faro
Maria86,Maria,maria86@hotmail.com,First Night,12,2017-01-28 01:18,Valve,Lisboa
Filipa88,Filipa,filipa88@hotmail.com,Infamous Dawn,2,2018-03-20 12:05,Sony,Faro
João97,João,joão97@hotmail.com,Pro Fight,16,2017-10-04 09:41,Nintendo,Faro
João97,João,joão97@hotmail.com,Final Sun,8,2016-09-01 08:22,Naughty Dog,Martin
João97,João,joão97@hotmail.com,I Earth,18,2018-05-23 02:48,Intel,Coimbra
Soraia67,Soraia,soraia67@outlook.pt,Ultimate Dawn,16,2015-12-07 13:29,Nintendo,Faro
Soraia67,Soraia,soraia67@outlook.pt,Soldier Ultra,18,2015-12-15 08:55,Naughty Dog,Martin
Soraia67,Soraia,soraia67@outlook.pt,Sun Pro,8,2015-06-04 09:34,Intel,Coimbra
Soraia67,Soraia,soraia67@outlook.pt,II Fight,8,2018-11-20 22:33,Pokemon,Martin
Soraia67,Soraia,soraia67@outlook.pt,Extreme II,2,2015-05-26 09:52,Pokemon,Martin
Soraia67,Soraia,soraia67@outlook.pt,War I,2,2018-04-21 01:43,Valve,Lisboa
Margarida58,Margarida,margarida58@outlook.pt,Dawn First,8,2015-06-11 10:35,Naughty Dog,Martin
Margarida58,Margarida,margarida58@outlook.pt,Pro Fight,16,2017-10-04 09:41,Nintendo,Faro
Helena21,Helena,helena21@ua.pt,Ultra Motor,18,2017-10-23 16:08,Valve,Lisboa
Helena21,Helena,helena21@ua.pt,Pro Last,12,2018-09-12 15:31,Naughty Dog,Martin
Marta54,Marta,marta54@ua.pt,Dawn First,8,2015-06-11 10:35,Naughty Dog,Martin
Luís42,Luís,luís42@ua.pt,Soldier Last,2,2017-10-01 22:56,Nintendo,Faro
Luís42,Luís,luís42@ua.pt,Ultimate Fight,12,2017-01-02 12:17,Valve,Lisboa
Luís42,Luís,luís42@ua.pt,Infamous Digital,12,2017-04-25 20:31,Pokemon,Martin
Lara45,Lara,lara45@ua.pt,Pro Fight,16,2017-10-04 09:41,Nintendo,Faro
Margarida46,Margarida,margarida46@outlook.pt,Extreme II,2,2015-05-26 09:52,Pokemon,Martin
Margarida46,Margarida,margarida46@outlook.pt,Night Digital,12,2015-02-06 00:38,Pokemon,Martin
Margarida46,Margarida,margarida46@outlook.pt,Last Sun,18,2015-06-26 12:36,Intel,Coimbra
Margarida46,Margarida,margarida46@outlook.pt,Final Sun,8,2016-09-01 08:22,Naughty Dog,Martin
Margarida46,Margarida,margarida46@outlook.pt,Soldier Motor,8,2016-01-01 03:34,Sony,Faro
Margarida46,Margarida,margarida46@outlook.pt,War Ultra,12,2015-10-02 08:09,Intel,Coimbra
João15,João,joão15@hotmail.com,Dawn Sun,2,2017-03-05 14:45,Naughty Dog,Martin
Miguel86,Miguel,miguel86@outlook.pt,Soldier Sun,12,2015-09-02 05:42,Sony,Faro
Luís72,Luís,luís72@outlook.pt,Ultra II,8,2015-04-25 15:13,Pokemon,Martin
Luís72,Luís,luís72@outlook.pt,Digital Infamous,12,2018-11-07 01:24,Valve,Lisboa
Miguel66,Miguel,miguel66@ua.pt,Ultra I,12,2017-07-19 01:16,Valve,Lisboa
Miguel66,Miguel,miguel66@ua.pt,II Fight,8,2018-11-20 22:33,Pokemon,Martin
Miguel66,Miguel,miguel66@ua.pt,Sun War,12,2015-04-11 09:37,Sony,Faro
Miguel66,Miguel,miguel66@ua.pt,Digital Pro,8,2017-11-14 01:24,Intel,Coimbra
Marta47,Marta,marta47@outlook.pt,Dawn Sun,2,2017-03-05 14:45,Naughty Dog,Martin
Marta47,Marta,marta47@outlook.pt,Digital Infamous,12,2018-11-07 01:24,Valve,Lisboa
Marta47,Marta,marta47@outlook.pt,I Earth,18,2018-05-23 02:48,Intel,Coimbra
Marta47,Marta,marta47@outlook.pt,Infamous Digital,12,2017-04-25 20:31,Pokemon,Martin
Mafalda3,Mafalda,mafalda3@outlook.pt,Soldier Ultra,18,2015-12-15 08:55,Naughty Dog,Martin
Mafalda3,Mafalda,mafalda3@outlook.pt,Ultra I,12,2017-07-19 01:16,Valve,Lisboa
Mafalda3,Mafalda,mafalda3@outlook.pt,Infamous Dawn,2,2018-03-20 12:05,Sony,Faro
Leonor53,Leonor,leonor53@ua.pt,Dawn First,8,2015-06-11 10:35,Naughty Dog,Martin
Leonor53,Leonor,leonor53@ua.pt,II Dawn,12,2016-05-13 23:47,Nintendo,Faro
Leonor53,Leonor,leonor53@ua.pt,Soldier Ultra,18,2015-12-15 08:55,Naughty Dog,Martin
Leonor53,Leonor,leonor53@ua.pt,Digital Infamous,12,2018-11-07 01:24,Valve,Lisboa
Leonor53,Leonor,leonor53@ua.pt,First Final,2,2017-01-12 21:26,Nintendo,Faro
Leonor53,Leonor,leonor53@ua.pt,Infamous Dawn,2,2018-03-20 12:05,Sony,Faro
Francisca63,Francisca,francisca63@outlook.pt,Digital Pro,8,2017-11-14 01:24,Intel,Coimbra
Francisca63,Francisca,francisca63@outlook.pt,Sun War,12,2015-04-11 09:37,Sony,Faro
Francisca63,Francisca,francisca63@outlook.pt,Extreme Motor,8,2015-06-03 07:06,Pokemon,Martin
Francisca39,Francisca,francisca39@ua.pt,II Fight,8,2018-11-20 22:33,Pokemon,Martin
Francisca39,Francisca,francisca39@ua.pt,Infamous Digital,12,2017-04-25 20:31,Pokemon,Martin
Francisca39,Francisca,francisca39@ua.pt,Night Digital,12,2015-02-06 00:38,Pokemon,Martin
Francisca39,Francisca,francisca39@ua.pt,Night War,12,2015-03-20 19:12,Naughty Dog,Martin
Francisca39,Francisca,francisca39@ua.pt,Last Plus,18,2017-02-13 02:13,Intel,Coimbra
Francisca39,Francisca,francisca39@ua.pt,Soldier Soldier,16,2016-03-01 10:47,Sony,Faro
Teresa43,Teresa,teresa43@ua.pt,Final Sun,8,2016-09-01 08:22,Naughty Dog,Martin
Pedro28,Pedro,pedro28@outlook.pt,Soldier Sun,12,2015-09-02 05:42,Sony,Faro
Pedro28,Pedro,pedro28@outlook.pt,War I,2,2018-04-21 01:43,Valve,Lisboa
Pedro28,Pedro,pedro28@outlook.pt,Extreme Motor,8,2015-06-03 07:06,Pokemon,Martin
Luís90,Luís,luís90@ua.pt,Ultra II,8,2015-04-25 15:13,Pokemon,Martin
Luís90,Luís,luís90@ua.pt,Infamous Dawn,2,2018-03-20 12:05,Sony,Faro
Margarida26,Margarida,margarida26@ua.pt,II Fight,8,2018-11-20 22:33,Pokemon,Martin
Margarida26,Margarida,margarida26@ua.pt,Soldier Soldier,16,2016-03-01 10:47,Sony,Faro
Margarida26,Margarida,margarida26@ua.pt,I Earth,18,2018-05-23 02:48,Intel,Coimbra
Margarida26,Margarida,margarida26@ua.pt,First Night,12,2017-01-28 01:18,Valve,Lisboa
Margarida26,Margarida,margarida26@ua.pt,Ultra I,12,2017-07-19 01:16,Valve,Lisboa
Maria31,Maria,maria31@hotmail.com,Pro Last,12,2018-09-12 15:31,Naughty Dog,Martin
Maria31,Maria,maria31@hotmail.com,Pro Fight,16,2017-10-04 09:41,Nintendo,Faro
Maria31,Maria,maria31@hotmail.com,Ultimate Fight,12,2017-01-02 12:17,Valve,Lisboa
Maria31,Maria,maria31@hotmail.com,Dawn Sun,2,2017-03-05 14:45,Naughty Dog,Martin
Maria31,Maria,maria31@hotmail.com,Night War,12,2015-03-20 19:12,Naughty Dog,Martin
Maria31,Maria,maria31@hotmail.com,Earth First,8,2016-06-23 15:31,Nintendo,Faro
Alice51,Alice,alice51@outlook.pt,Digital Pro,8,2017-11-14 01:24,Intel,Coimbra
Alice51,Alice,alice51@outlook.pt,Dawn Final,8,2018-08-23 14:24,Sony,Faro
Alice51,Alice,alice51@outlook.pt,Final Sun,8,2016-09-01 08:22,Naughty Dog,Martin
Alice51,Alice,alice51@outlook.pt,Soldier Last,2,2017-10-01 22:56,Nintendo,Faro
Alice51,Alice,alice51@outlook.pt,Last War,2,2016-07-16 20:26,Pokemon,Martin
Pedro73,Pedro,pedro73@hotmail.com,Car Earth,16,2018-09-14 06:09,Valve,Lisboa
Pedro73,Pedro,pedro73@hotmail.com,First Final,2,2017-01-12 21:26,Nintendo,Faro
Pedro73,Pedro,pedro73@hotmail.com,War Insane,18,2018-11-01 00:13,Sony,Faro
Pedro73,Pedro,pedro73@hotmail.com,Ultra I,12,2017-07-19 01:16,Valve,Lisboa
Pedro73,Pedro,pedro73@hotmail.com,Earth First,8,2016-06-23 15:31,Nintendo,Faro
Pedro73,Pedro,pedro73@hotmail.com,Extreme II,2,2015-05-26 09:52,Pokemon,Martin
Maria87,Maria,maria87@ua.pt,Ultra Motor,18,2017-10-23 16:08,Valve,Lisboa
Maria87,Maria,maria87@ua.pt,II Dawn,12,2016-05-13 23:47,Nintendo,Faro
Maria87,Maria,maria87@ua.pt,Dawn Sun,2,2017-03-05 14:45,Naughty Dog,Martin
Luís88,Luís,luís88@outlook.pt,Last Plus,18,2017-02-13 02:13,Intel,Coimbra
Luís88,Luís,luís88@outlook.pt,War I,2,2018-04-21 01:43,Valve,Lisboa
Marta94,Marta,marta94@hotmail.com,Soldier Last,2,2017-10-01 22:56,Nintendo,Faro
Inês25,Inês,inês25@hotmail.com,Extreme II,2,2015-05-26 09:52,Pokemon,Martin
Inês25,Inês,inês25@hotmail.com,Earth First,8,2016-06-23 15:31,Nintendo,Faro
Inês25,Inês,inês25@hotmail.com,Dawn Final,8,2018-08-23 14:24,Sony,Faro
Inês25,Inês,inês25@hotmail.com,Final Sun,8,2016-09-01 08:22,Naughty Dog,Martin
Rita9,Rita,rita9@ua.pt,Ultra Motor,18,2017-10-23 16:08,Valve,Lisboa
Rita9,Rita,rita9@ua.pt,Infamous Dawn,2,2018-03-20 12:05,Sony,Faro
Helena75,Helena,helena75@ua.pt,War Ultra,12,2015-10-02 08:09,Intel,Coimbra
Helena75,Helena,helena75@ua.pt,Soldier Sun,12,2015-09-02 05:42,Sony,Faro
Helena75,Helena,helena75@ua.pt,Soldier Soldier,16,2016-03-01 10:47,Sony,Faro
Helena75,Helena,helena75@ua.pt,Night War,12,2015-03-20 19:12,Naughty Dog,Martin
Helena75,Helena,helena75@ua.pt,Digital Infamous,12,2018-11-07 01:24,Valve,Lisboa
Soraia17,Soraia,soraia17@hotmail.com,First Night,12,2017-01-28 01:18,Valve,Lisboa
Soraia17,Soraia,soraia17@hotmail.com,Ultra Motor,18,2017-10-23 16:08,Valve,Lisboa
Soraia17,Soraia,soraia17@hotmail.com,Car Earth,16,2018-09-14 06:09,Valve,Lisboa
Soraia17,Soraia,soraia17@hotmail.com,II Dawn,12,2016-05-13 23:47,Nintendo,Faro
Soraia17,Soraia,soraia17@hotmail.com,Pro Fight,16,2017-10-04 09:41,Nintendo,Faro
Soraia17,Soraia,soraia17@hotmail.com,Last Plus,18,2017-02-13 02:13,Intel,Coimbra
Mafalda28,Mafalda,mafalda28@hotmail.com,Night War,12,2015-03-20 19:12,Naughty Dog,Martin
Mafalda28,Mafalda,mafalda28@hotmail.com,Earth Motor,2,2018-12-18 22:47,Nintendo,Faro
Mafalda28,Mafalda,mafalda28@hotmail.com,Soldier Soldier,16,2016-03-01 10:47,Sony,Faro
Mafalda28,Mafalda,mafalda28@hotmail.com,Pro Fight,16,2017-10-04 09:41,Nintendo,Faro
Maria85,Maria,maria85@outlook.pt,Soldier Sun,12,2015-09-02 05:42,Sony,Faro
Maria85,Maria,maria85@outlook.pt,Last Plus,18,2017-02-13 02:13,Intel,Coimbra
Ana84,Ana,ana84@outlook.pt,Dawn Sun,2,2017-03-05 14:45,Naughty Dog,Martin
Ana84,Ana,ana84@outlook.pt,War I,2,2018-04-21 01:43,Valve,Lisboa
Ana84,Ana,ana84@outlook.pt,Dawn First,8,2015-06-11 10:35,Naughty Dog,Martin
Ana84,Ana,ana84@outlook.pt,Extreme Motor,8,2015-06-03 07:06,Pokemon,Martin
Rosa69,Rosa,rosa69@hotmail.com,Digital Infamous,12,2018-11-07 01:24,Valve,Lisboa
Rosa69,Rosa,rosa69@hotmail.com,Ultra Motor,18,2017-10-23 16:08,Valve,Lisboa
Rosa69,Rosa,rosa69@hotmail.com,Soldier Last,2,2017-10-01 22:56,Nintendo,Faro
Rosa69,Rosa,rosa69@hotmail.com,Night Digital,12,2015-02-06 00:38,Pokemon,Martin
Rosa69,Rosa,rosa69@hotmail.com,Soldier Motor,8,2016-01-01 03:34,Sony,Faro
Leonor20,Leonor,leonor20@ua.pt,Night Digital,12,2015-02-06 00:38,Pokemon,Martin
Leonor20,Leonor,leonor20@ua.pt,War Insane,18,2018-11-01 00:13,Sony,Faro
Leonor20,Leonor,leonor20@ua.pt,Earth First,8,2016-06-23 15:31,Nintendo,Faro
Pedro92,Pedro,pedro92@outlook.pt,Ultra II,8,2015-04-25 15:13,Pokemon,Martin
Pedro92,Pedro,pedro92@outlook.pt,Last Plus,18,2017-02-13 02:13,Intel,Coimbra
Maria82,Maria,maria82@hotmail.com,Earth Motor,2,2018-12-18 22:47,Nintendo,Faro
Maria82,Maria,maria82@hotmail.com,Night War,12,2015-03-20 19:12,Naughty Dog,Martin
Maria82,Maria,maria82@hotmail.com,Car Earth,16,2018-09-14 06:09,Valve,Lisboa
Maria82,Maria,maria82@hotmail.com,Infamous Digital,12,2017-04-25 20:31,Pokemon,Martin
José65,José,josé65@outlook.pt,Night Digital,12,2015-02-06 00:38,Pokemon,Martin
José65,José,josé65@outlook.pt,Extreme Motor,8,2015-06-03 07:06,Pokemon,Martin
José65,José,josé65@outlook.pt,Soldier Motor,8,2016-01-01 03:34,Sony,Faro
José65,José,josé65@outlook.pt,Soldier Soldier,16,2016-03-01 10:47,Sony,Faro
José65,José,josé65@outlook.pt,II Fight,8,2018-11-20 22:33,Pokemon,Martin
Ana86,Ana,ana86@ua.pt,Infamous Dawn,2,2018-03-20 12:05,Sony,Faro
Ana86,Ana,ana86@ua.pt,Final Sun,8,2016-09-01 08:22,Naughty Dog,Martin
Francisca83,Francisca,francisca83@hotmail.com,Earth First,8,2016-06-23 15:31,Nintendo,Faro
Francisca83,Francisca,francisca83@hotmail.com,War Ultra,12,2015-10-02 08:09,Intel,Coimbra
Francisca83,Francisca,francisca83@hotmail.com,Pro Last,12,2018-09-12 15:31,Naughty Dog,Martin
Francisca83,Francisca,francisca83@hotmail.com,Dawn Sun,2,2017-03-05 14:45,Naughty Dog,Martin
Francisca83,Francisca,francisca83@hotmail.com,Extreme II,2,2015-05-26 09:52,Pokemon,Martin
Francisca83,Francisca,francisca83@hotmail.com,Digital Infamous,12,2018-11-07 01:24,Valve,Lisboa
Rodrigo36,Rodrigo,rodrigo36@outlook.pt,I Earth,18,2018-05-23 02:48,Intel,Coimbra
Rodrigo36,Rodrigo,rodrigo36@outlook.pt,Earth First,8,2016-06-23 15:31,Nintendo,Faro
Rodrigo36,Rodrigo,rodrigo36@outlook.pt,Ultra II,8,2015-04-25 15:13,Pokemon,Martin
Rodrigo36,Rodrigo,rodrigo36@outlook.pt,Pro Last,12,2018-09-12 15:31,Naughty Dog,Martin
Rodrigo36,Rodrigo,rodrigo36@outlook.pt,War Ultra,12,2015-10-02 08:09,Intel,Coimbra
Rodrigo36,Rodrigo,rodrigo36@outlook.pt,Ultimate Fight,12,2017-01-02 12:17,Valve,Lisboa
Miguel74,Miguel,miguel74@ua.pt,Final Sun,8,2016-09-01 08:22,Naughty Dog,Martin
Miguel74,Miguel,miguel74@ua.pt,Infamous Digital,12,2017-04-25 20:31,Pokemon,Martin
Miguel74,Miguel,miguel74@ua.pt,Ultra I,12,2017-07-19 01:16,Valve,Lisboa
Miguel74,Miguel,miguel74@ua.pt,Soldier Last,2,2017-10-01 22:56,Nintendo,Faro
Rodrigo83,Rodrigo,rodrigo83@outlook.pt,Soldier Motor,8,2016-01-01 03:34,Sony,Faro
Rita48,Rita,rita48@ua.pt,Ultra II,8,2015-04-25 15:13,Pokemon,Martin
Rita48,Rita,rita48@ua.pt,Final Sun,8,2016-09-01 08:22,Naughty Dog,Martin
Rita48,Rita,rita48@ua.pt,Soldier Last,2,2017-10-01 22:56,Nintendo,Faro
Rita48,Rita,rita48@ua.pt,Last Sun,18,2015-06-26 12:36,Intel,Coimbra
Rita48,Rita,rita48@ua.pt,War I,2,2018-04-21 01:43,Valve,Lisboa
Rita48,Rita,rita48@ua.pt,Extreme II,2,2015-05-26 09:52,Pokemon,Martin
Alice77,Alice,alice77@outlook.pt,Digital Pro,8,2017-11-14 01:24,Intel,Coimbra
Mafalda57,Mafalda,mafalda57@hotmail.com,Pro Fight,16,2017-10-04 09:41,Nintendo,Faro
Mafalda57,Mafalda,mafalda57@hotmail.com,Soldier Ultra,18,2015-12-15 08:55,Naughty Dog,Martin
Rita42,Rita,rita42@hotmail.com,Dawn First,8,2015-06-11 10:35,Naughty Dog,Martin
Rita42,Rita,rita42@hotmail.com,II Dawn,12,2016-05-13 23:47,Nintendo,Faro
Mafalda9,Mafalda,mafalda9@ua.pt,Earth First,8,2016-06-23 15:31,Nintendo,Faro
Mafalda9,Mafalda,mafalda9@ua.pt,Extreme Motor,8,2015-06-03 07:06,Pokemon,Martin
Mafalda9,Mafalda,mafalda9@ua.pt,War Insane,18,2018-11-01 00:13,Sony,Faro
Mafalda9,Mafalda,mafalda9@ua.pt,Ultimate Dawn,16,2015-12-07 13:29,Nintendo,Faro
Mafalda9,Mafalda,mafalda9@ua.pt,II Dawn,12,2016-05-13 23:47,Nintendo,Faro
Mafalda9,Mafalda,mafalda9@ua.pt,War I,2,2018-04-21 01:43,Valve,Lisboa
Lara34,Lara,lara34@outlook.pt,Infamous Dawn,2,2018-03-20 12:05,Sony,Faro
Lara34,Lara,lara34@outlook.pt,Earth First,8,2016-06-23 15:31,Nintendo,Faro
Marta63,Marta,marta63@hotmail.com,I Earth,18,2018-05-23 02:48,Intel,Coimbra
Maria24,Maria,maria24@outlook.pt,Ultra I,12,2017-07-19 01:16,Valve,Lisboa
Rosa95,Rosa,rosa95@outlook.pt,Dawn Final,8,2018-08-23 14:24,Sony,Faro
Rosa95,Rosa,rosa95@outlook.pt,Soldier Soldier,16,2016-03-01 10:47,Sony,Faro
Helena48,Helena,helena48@hotmail.com,Dawn First,8,2015-06-11 10:35,Naughty Dog,Martin
Helena48,Helena,helena48@hotmail.com,Digital Infamous,12,2018-11-07 01:24,Valve,Lisboa
Helena48,Helena,helena48@hotmail.com,Ultra Motor,18,2017-10-23 16:08,Valve,Lisboa
Helena48,Helena,helena48@hotmail.com,Ultra II,8,2015-04-25 15:13,Pokemon,Martin
Helena48,Helena,helena48@hotmail.com,Night Digital,12,2015-02-06 00:38,Pokemon,Martin
Carla88,Carla,carla88@hotmail.com,Earth Motor,2,2018-12-18 22:47,Nintendo,Faro
Carla88,Carla,carla88@hotmail.com,Soldier Sun,12,2015-09-02 05:42,Sony,Faro
Carla88,Carla,carla88@hotmail.com,II Dawn,12,2016-05-13 23:47,Nintendo,Faro
Carla88,Carla,carla88@hotmail.com,Last Sun,18,2015-06-26 12:36,Intel,Coimbra
Carla88,Carla,carla88@hotmail.com,Ultra Motor,18,2017-10-23 16:08,Valve,Lisboa
Carla88,Carla,carla88@hotmail.com,Extreme Motor,8,2015-06-03 07:06,Pokemon,Martin
Rafael36,Rafael,rafael36@ua.pt,Last Plus,18,2017-02-13 02:13,Intel,Coimbra
Vera51,Vera,vera51@ua.pt,War Ultra,12,2015-10-02 08:09,Intel,Coimbra
Vera51,Vera,vera51@ua.pt,II Dawn,12,2016-05-13 23:47,Nintendo,Faro
Vera51,Vera,vera51@ua.pt,Car Earth,16,2018-09-14 06:09,Valve,Lisboa
Ana56,Ana,ana56@hotmail.com,Earth First,8,2016-06-23 15:31,Nintendo,Faro
Ana56,Ana,ana56@hotmail.com,Final Sun,8,2016-09-01 08:22,Naughty Dog,Martin
Ana56,Ana,ana56@hotmail.com,Pro Last,12,2018-09-12 15:31,Naughty Dog,Martin
Ana56,Ana,ana56@hotmail.com,Extreme Motor,8,2015-06-03 07:06,Pokemon,Martin
Ana56,Ana,ana56@hotmail.com,II Fight,8,2018-11-20 22:33,Pokemon,Martin
Ana56,Ana,ana56@hotmail.com,First Night,12,2017-01-28 01:18,Valve,Lisboa
Miguel42,Miguel,miguel42@outlook.pt,Ultra Motor,18,2017-10-23 16:08,Valve,Lisboa
Miguel42,Miguel,miguel42@outlook.pt,Pro Last,12,2018-09-12 15:31,Naughty Dog,Martin
Miguel42,Miguel,miguel42@outlook.pt,Last War,2,2016-07-16 20:26,Pokemon,Martin
Miguel42,Miguel,miguel42@outlook.pt,Extreme II,2,2015-05-26 09:52,Pokemon,Martin
Miguel42,Miguel,miguel42@outlook.pt,Soldier Ultra,18,2015-12-15 08:55,Naughty Dog,Martin
Miguel42,Miguel,miguel42@outlook.pt,Last Sun,18,2015-06-26 12:36,Intel,Coimbra
Lara44,Lara,lara44@ua.pt,Ultra Motor,18,2017-10-23 16:08,Valve,Lisboa
Lara44,Lara,lara44@ua.pt,Sun Pro,8,2015-06-04 09:34,Intel,Coimbra
Lara44,Lara,lara44@ua.pt,Last Sun,18,2015-06-26 12:36,Intel,Coimbra
Francisca53,Francisca,francisca53@hotmail.com,Ultimate Dawn,16,2015-12-07 13:29,Nintendo,Faro
Filipa20,Filipa,filipa20@ua.pt,Night War,12,2015-03-20 19:12,Naughty Dog,Martin
José67,José,josé67@hotmail.com,War Insane,18,2018-11-01 00:13,Sony,Faro
José67,José,josé67@hotmail.com,Ultra Motor,18,2017-10-23 16:08,Valve,Lisboa
José67,José,josé67@hotmail.com,Dawn Final,8,2018-08-23 14:24,Sony,Faro
José67,José,josé67@hotmail.com,Ultra I,12,2017-07-19 01:16,Valve,Lisboa
Francisca16,Francisca,francisca16@outlook.pt,Sun Pro,8,2015-06-04 09:34,Intel,Coimbra
Francisca16,Francisca,francisca16@outlook.pt,War Insane,18,2018-11-01 00:13,Sony,Faro
Francisca16,Francisca,francisca16@outlook.pt,Earth Motor,2,2018-12-18 22:47,Nintendo,Faro
Rosa78,Rosa,rosa78@ua.pt,Ultimate Dawn,16,2015-12-07 13:29,Nintendo,Faro
Rosa78,Rosa,rosa78@ua.pt,Soldier Sun,12,2015-09-02 05:42,Sony,Faro
Rosa78,Rosa,rosa78@ua.pt,Sun Pro,8,2015-06-04 09:34,Intel,Coimbra
Rosa78,Rosa,rosa78@ua.pt,Soldier Motor,8,2016-01-01 03:34,Sony,Faro
Rosa78,Rosa,rosa78@ua.pt,First Night,12,2017-01-28 01:18,Valve,Lisboa
Rosa78,Rosa,rosa78@ua.pt,Pro Last,12,2018-09-12 15:31,Naughty Dog,Martin
Leonor90,Leonor,leonor90@ua.pt,Ultimate Fight,12,2017-01-02 12:17,Valve,Lisboa
Rafaela77,Rafaela,rafaela77@outlook.pt,Earth First,8,2016-06-23 15:31,Nintendo,Faro
Rafaela77,Rafaela,rafaela77@outlook.pt,Soldier Sun,12,2015-09-02 05:42,Sony,Faro
Rafaela77,Rafaela,rafaela77@outlook.pt,Ultra Motor,18,2017-10-23 16:08,Valve,Lisboa
Alice57,Alice,alice57@hotmail.com,Earth First,8,2016-06-23 15:31,Nintendo,Faro
Alice57,Alice,alice57@hotmail.com,Last War,2,2016-07-16 20:26,Pokemon,Martin
Alice57,Alice,alice57@hotmail.com,Car Earth,16,2018-09-14 06:09,Valve,Lisboa
Ana41,Ana,ana41@hotmail.com,Ultimate Dawn,16,2015-12-07 13:29,Nintendo,Faro
Ana41,Ana,ana41@hotmail.com,Earth Motor,2,2018-12-18 22:47,Nintendo,Faro
Ana41,Ana,ana41@hotmail.com,II Dawn,12,2016-05-13 23:47,Nintendo,Faro
Ana41,Ana,ana41@hotmail.com,Last Sun,18,2015-06-26 12:36,Intel,Coimbra
Ana41,Ana,ana41@hotmail.com,Ultimate Fight,12,2017-01-02 12:17,Valve,Lisboa
Maria75,Maria,maria75@outlook.pt,Soldier Last,2,2017-10-01 22:56,Nintendo,Faro
Maria75,Maria,maria75@outlook.pt,Car Earth,16,2018-09-14 06:09,Valve,Lisboa
Maria75,Maria,maria75@outlook.pt,Digital Infamous,12,2018-11-07 01:24,Valve,Lisboa
Maria75,Maria,maria75@outlook.pt,Soldier Motor,8,2016-01-01 03:34,Sony,Faro
Maria75,Maria,maria75@outlook.pt,Night War,12,2015-03-20 19:12,Naughty Dog,Martin
Maria75,Maria,maria75@outlook.pt,First Night,12,2017-01-28 01:18,Valve,Lisboa
Teresa8,Teresa,teresa8@outlook.pt,Ultimate Dawn,16,2015-12-07 13:29,Nintendo,Faro
Teresa8,Teresa,teresa8@outlook.pt,Soldier Sun,12,2015-09-02 05:42,Sony,Faro
Teresa8,Teresa,teresa8@outlook.pt,Infamous Digital,12,2017-04-25 20:31,Pokemon,Martin
Teresa35,Teresa,teresa35@outlook.pt,Ultra Motor,18,2017-10-23 16:08,Valve,Lisboa
Teresa35,Teresa,teresa35@outlook.pt,First Final,2,2017-01-12 21:26,Nintendo,Faro
Teresa35,Teresa,teresa35@outlook.pt,Sun War,12,2015-04-11 09:37,Sony,Faro
Teresa35,Teresa,teresa35@outlook.pt,I Earth,18,2018-05-23 02:48,Intel,Coimbra
Inês50,Inês,inês50@outlook.pt,Ultra II,8,2015-04-25 15:13,Pokemon,Martin
Inês50,Inês,inês50@outlook.pt,Last Plus,18,2017-02-13 02:13,Intel,Coimbra
Inês50,Inês,inês50@outlook.pt,Dawn Sun,2,2017-03-05 14:45,Naughty Dog,Martin
Inês50,Inês,inês50@outlook.pt,First Final,2,2017-01-12 21:26,Nintendo,Faro
Filipa67,Filipa,filipa67@outlook.pt,Pro Last,12,2018-09-12 15:31,Naughty Dog,Martin
Filipa67,Filipa,filipa67@outlook.pt,War Insane,18,2018-11-01 00:13,Sony,Faro
Filipa67,Filipa,filipa67@outlook.pt,Pro Fight,16,2017-10-04 09:41,Nintendo,Faro
Filipa67,Filipa,filipa67@outlook.pt,Dawn Sun,2,2017-03-05 14:45,Naughty Dog,Martin
Filipa67,Filipa,filipa67@outlook.pt,First Night,12,2017-01-28 01:18,Valve,Lisboa
Teresa95,Teresa,teresa95@outlook.pt,Digital Pro,8,2017-11-14 01:24,Intel,Coimbra
Teresa95,Teresa,teresa95@outlook.pt,Sun War,12,2015-04-11 09:37,Sony,Faro
Teresa95,Teresa,teresa95@outlook.pt,War Insane,18,2018-11-01 00:13,Sony,Faro
Teresa95,Teresa,teresa95@outlook.pt,Ultimate Fight,12,2017-01-02 12:17,Valve,Lisboa
Teresa95,Teresa,teresa95@outlook.pt,Earth Motor,2,2018-12-18 22:47,Nintendo,Faro
Alice72,Alice,alice72@hotmail.com,Ultra I,12,2017-07-19 01:16,Valve,Lisboa
Alice72,Alice,alice72@hotmail.com,Ultimate Fight,12,2017-01-02 12:17,Valve,Lisboa
Alice72,Alice,alice72@hotmail.com,Extreme II,2,2015-05-26 09:52,Pokemon,Martin
Alice72,Alice,alice72@hotmail.com,Digital Pro,8,2017-11-14 01:24,Intel,Coimbra
Maria10,Maria,maria10@ua.pt,Soldier Sun,12,2015-09-02 05:42,Sony,Faro
Maria10,Maria,maria10@ua.pt,Ultra Motor,18,2017-10-23 16:08,Valve,Lisboa
Maria10,Maria,maria10@ua.pt,First Night,12,2017-01-28 01:18,Valve,Lisboa
Luís84,Luís,luís84@outlook.pt,Extreme II,2,2015-05-26 09:52,Pokemon,Martin
Luís84,Luís,luís84@outlook.pt,First Final,2,2017-01-12 21:26,Nintendo,Faro
Luís84,Luís,luís84@outlook.pt,War Ultra,12,2015-10-02 08:09,Intel,Coimbra
Luís84,Luís,luís84@outlook.pt,Earth First,8,2016-06-23 15:31,Nintendo,Faro
Luís84,Luís,luís84@outlook.pt,Ultra I,12,2017-07-19 01:16,Valve,Lisboa
Luís84,Luís,luís84@outlook.pt,Soldier Motor,8,2016-01-01 03:34,Sony,Faro
Luís89,Luís,luís89@outlook.pt,Last Plus,18,2017-02-13 02:13,Intel,Coimbra
Luís89,Luís,luís89@outlook.pt,Last War,2,2016-07-16 20:26,Pokemon,Martin
Luís89,Luís,luís89@outlook.pt,Soldier Last,2,2017-10-01 22:56,Nintendo,Faro
Luís89,Luís,luís89@outlook.pt,Ultra Motor,18,2017-10-23 16:08,Valve,Lisboa
Luís89,Luís,luís89@outlook.pt,Pro Fight,16,2017-10-04 09:41,Nintendo,Faro
Luís89,Luís,luís89@outlook.pt,War I,2,2018-04-21 01:43,Valve,Lisboa
Soraia88,Soraia,soraia88@ua.pt,Soldier Ultra,18,2015-12-15 08:55,Naughty Dog,Martin
Soraia88,Soraia,soraia88@ua.pt,Earth First,8,2016-06-23 15:31,Nintendo,Faro
Soraia88,Soraia,soraia88@ua.pt,Ultimate Dawn,16,2015-12-07 13:29,Nintendo,Faro
Soraia88,Soraia,soraia88@ua.pt,II Fight,8,2018-11-20 22:33,Pokemon,Martin
Soraia88,Soraia,soraia88@ua.pt,Dawn Final,8,2018-08-23 14:24,Sony,Faro
Luís88,Luís,luís88@hotmail.com,Night War,12,2015-03-20 19:12,Naughty Dog,Martin
Luís88,Luís,luís88@hotmail.com,Earth First,8,2016-06-23 15:31,Nintendo,Faro
Luís88,Luís,luís88@hotmail.com,Soldier Ultra,18,2015-12-15 08:55,Naughty Dog,Martin
João65,João,joão65@hotmail.com,First Night,12,2017-01-28 01:18,Valve,Lisboa
João65,João,joão65@hotmail.com,Infamous Dawn,2,2018-03-20 12:05,Sony,Faro
João65,João,joão65@hotmail.com,Soldier Last,2,2017-10-01 22:56,Nintendo,Faro
Pedro92,Pedro,pedro92@outlook.pt,First Final,2,2017-01-12 21:26,Nintendo,Faro
Pedro92,Pedro,pedro92@outlook.pt,War I,2,2018-04-21 01:43,Valve,Lisboa
Pedro92,Pedro,pedro92@outlook.pt,Pro Last,12,2018-09-12 15:31,Naughty Dog,Martin
Carla87,Carla,carla87@hotmail.com,Ultra Motor,18,2017-10-23 16:08,Valve,Lisboa
Rita33,Rita,rita33@hotmail.com,Ultra II,8,2015-04-25 15:13,Pokemon,Martin
Rita33,Rita,rita33@hotmail.com,Infamous Dawn,2,2018-03-20 12:05,Sony,Faro
Rita33,Rita,rita33@hotmail.com,Pro Fight,16,2017-10-04 09:41,Nintendo,Faro
Rita33,Rita,rita33@hotmail.com,Earth First,8,2016-06-23 15:31,Nintendo,Faro
Rita33,Rita,rita33@hotmail.com,Car Earth,16,2018-09-14 06:09,Valve,Lisboa
Maria28,Maria,maria28@outlook.pt,Earth First,8,2016-06-23 15:31,Nintendo,Faro
Maria28,Maria,maria28@outlook.pt,War I,2,2018-04-21 01:43,Valve,Lisboa
Rosa81,Rosa,rosa81@ua.pt,Last Sun,18,2015-06-26 12:36,Intel,Coimbra
Rosa81,Rosa,rosa81@ua.pt,Ultra II,8,2015-04-25 15:13,Pokemon,Martin
Rosa81,Rosa,rosa81@ua.pt,Last War,2,2016-07-16 20:26,Pokemon,Martin
Rosa81,Rosa,rosa81@ua.pt,Car Earth,16,2018-09-14 06:09,Valve,Lisboa
Rosa81,Rosa,rosa81@ua.pt,War Ultra,12,2015-10-02 08:09,Intel,Coimbra
Marta47,Marta,marta47@outlook.pt,Soldier Last,2,2017-10-01 22:56,Nintendo,Faro
Marta47,Marta,marta47@outlook.pt,Night Digital,12,2015-02-06 00:38,Pokemon,Martin
Marta47,Marta,marta47@outlook.pt,Ultimate Fight,12,2017-01-02 12:17,Valve,Lisboa
Marta47,Marta,marta47@outlook.pt,Ultra II,8,2015-04-25 15:13,Pokemon,Martin
José95,José,josé95@hotmail.com,I Earth,18,2018-05-23 02:48,Intel,Coimbra
José95,José,josé95@hotmail.com,Dawn Final,8,2018-08-23 14:24,Sony,Faro
José95,José,josé95@hotmail.com,Sun Pro,8,2015-06-04 09:34,Intel,Coimbra
Carla40,Carla,carla40@ua.pt,Last Plus,18,2017-02-13 02:13,Intel,Coimbra
Carla40,Carla,carla40@ua.pt,War I,2,2018-04-21 01:43,Valve,Lisboa
Carla40,Carla,carla40@ua.pt,Ultra Motor,18,2017-10-23 16:08,Valve,Lisboa
Carla40,Carla,carla40@ua.pt,Dawn First,8,2015-06-11 10:35,Naughty Dog,Martin
Carla40,Carla,carla40@ua.pt,Ultra II,8,2015-04-25 15:13,Pokemon,Martin
Marta59,Marta,marta59@hotmail.com,Ultra II,8,2015-04-25 15:13,Pokemon,Martin
Marta59,Marta,marta59@hotmail.com,Final Sun,8,2016-09-01 08:22,Naughty Dog,Martin
Marta59,Marta,marta59@hotmail.com,Infamous Dawn,2,2018-03-20 12:05,Sony,Faro
Marta59,Marta,marta59@hotmail.com,Dawn Sun,2,2017-03-05 14:45,Naughty Dog,Martin
Rafaela91,Rafaela,rafaela91@outlook.pt,Soldier Ultra,18,2015-12-15 08:55,Naughty Dog,Martin
João24,João,joão24@outlook.pt,Pro Last,12,2018-09-12 15:31,Naughty Dog,Martin
João24,João,joão24@outlook.pt,I Earth,18,2018-05-23 02:48,Intel,Coimbra
João24,João,joão24@outlook.pt,II Dawn,12,2016-05-13 23:47,Nintendo,Faro
Rafaela0,Rafaela,rafaela0@hotmail.com,Ultra II,8,2015-04-25 15:13,Pokemon,Martin
Rafaela0,Rafaela,rafaela0@hotmail.com,Last Sun,18,2015-06-26 12:36,Intel,Coimbra
Luís5,Luís,luís5@ua.pt,Extreme II,2,2015-05-26 09:52,Pokemon,Martin
Luís5,Luís,luís5@ua.pt,Digital Pro,8,2017-11-14 01:24,Intel,Coimbra
Luís5,Luís,luís5@ua.pt,Car Earth,16,2018-09-14 06:09,Valve,Lisboa
Luís5,Luís,luís5@ua.pt,Soldier Soldier,16,2016-03-01 10:47,Sony,Faro
Luís5,Luís,luís5@ua.pt,First Final,2,2017-01-12 21:26,Nintendo,Faro
Luís13,Luís,luís13@hotmail.com,Soldier Last,2,2017-10-01 22:56,Nintendo,Faro
Ana26,Ana,ana26@outlook.pt,First Night,12,2017-01-28 01:18,Valve,Lisboa
Ana26,Ana,ana26@outlook.pt,Infamous Dawn,2,2018-03-20 12:05,Sony,Faro
Ana26,Ana,ana26@outlook.pt,Last Sun,18,2015-06-26 12:36,Intel,Coimbra
Ana26,Ana,ana26@outlook.pt,Earth Motor,2,2018-12-18 22:47,Nintendo,Faro
Carla95,Carla,carla95@ua.pt,Ultimate Dawn,16,2015-12-07 13:29,Nintendo,Faro
Carla95,Carla,carla95@ua.pt,Last Sun,18,2015-06-26 12:36,Intel,Coimbra
Inês67,Inês,inês67@outlook.pt,Car Earth,16,2018-09-14 06:09,Valve,Lisboa
Inês67,Inês,inês67@outlook.pt,First Final,2,2017-01-12 21:26,Nintendo,Faro
Inês67,Inês,inês67@outlook.pt,Last War,2,2016-07-16 20:26,Pokemon,Martin
Santiago19,Santiago,santiago19@ua.pt,Night War,12,2015-03-20 19:12,Naughty Dog,Martin
Santiago19,Santiago,santiago19@ua.pt,Last Sun,18,2015-06-26 12:36,Intel,Coimbra
Santiago19,Santiago,santiago19@ua.pt,Soldier Soldier,16,2016-03-01 10:47,Sony,Faro
Santiago19,Santiago,santiago19@ua.pt,Digital Infamous,12,2018-11-07 01:24,Valve,Lisboa
Santiago19,Santiago,santiago19@ua.pt,Extreme Motor,8,2015-06-03 07:06,Pokemon,Martin
Teresa16,Teresa,teresa16@hotmail.com,Extreme Motor,8,2015-06-03 07:06,Pokemon,Martin
Teresa16,Teresa,teresa16@hotmail.com,Night Digital,12,2015-02-06 00:38,Pokemon,Martin
Teresa16,Teresa,teresa16@hotmail.com,Ultimate Dawn,16,2015-12-07 13:29,Nintendo,Faro
Teresa19,Teresa,teresa19@outlook.pt,II Fight,8,2018-11-20 22:33,Pokemon,Martin
Teresa19,Teresa,teresa19@outlook.pt,Digital Infamous,12,2018-11-07 01:24,Valve,Lisboa
Teresa19,Teresa,teresa19@outlook.pt,Earth Motor,2,2018-12-18 22:47,Nintendo,Faro
Teresa19,Teresa,teresa19@outlook.pt,Final Sun,8,2016-09-01 08:22,Naughty Dog,Martin
Rosa46,Rosa,rosa46@ua.pt,Extreme Motor,8,2015-06-03 07:06,Pokemon,Martin
Santiago50,Santiago,santiago50@outlook.pt,War Insane,18,2018-11-01 00:13,Sony,Faro
Santiago50,Santiago,santiago50@outlook.pt,Extreme II,2,2015-05-26 09:52,Pokemon,Martin
Santiago50,Santiago,santiago50@outlook.pt,Last Sun,18,2015-06-26 12:36,Intel,Coimbra
Santiago50,Santiago,santiago50@outlook.pt,Ultra Motor,18,2017-10-23 16:08,Valve,Lisboa
Santiago50,Santiago,santiago50@outlook.pt,Infamous Dawn,2,2018-03-20 12:05,Sony,Faro
Carla97,Carla,carla97@outlook.pt,Final Sun,8,2016-09-01 08:22,Naughty Dog,Martin
João66,João,joão66@outlook.pt,Night Digital,12,2015-02-06 00:38,Pokemon,Martin
João66,João,joão66@outlook.pt,Last Sun,18,2015-06-26 12:36,Intel,Coimbra
João66,João,joão66@outlook.pt,Infamous Digital,12,2017-04-25 20:31,Pokemon,Martin
Rodrigo3,Rodrigo,rodrigo3@ua.pt,Earth Motor,2,2018-12-18 22:47,Nintendo,Faro
Rodrigo3,Rodrigo,rodrigo3@ua.pt,Ultra I,12,2017-07-19 01:16,Valve,Lisboa
Rodrigo3,Rodrigo,rodrigo3@ua.pt,Soldier Last,2,2017-10-01 22:56,Nintendo,Faro
Rodrigo3,Rodrigo,rodrigo3@ua.pt,War Ultra,12,2015-10-02 08:09,Intel,Coimbra
Rodrigo3,Rodrigo,rodrigo3@ua.pt,Final Sun,8,2016-09-01 08:22,Naughty Dog,Martin
Filipa62,Filipa,filipa62@outlook.pt,Soldier Soldier,16,2016-03-01 10:47,Sony,Faro
Filipa62,Filipa,filipa62@outlook.pt,Last War,2,2016-07-16 20:26,Pokemon,Martin
Filipa62,Filipa,filipa62@outlook.pt,Night War,12,2015-03-20 19:12,Naughty Dog,Martin
Filipa62,Filipa,filipa62@outlook.pt,Earth First,8,2016-06-23 15:31,Nintendo,Faro
Rosa5,Rosa,rosa5@ua.pt,Sun War,12,2015-04-11 09:37,Sony,Faro
Rosa5,Rosa,rosa5@ua.pt,Final Sun,8,2016-09-01 08:22,Naughty Dog,Martin
Rosa5,Rosa,rosa5@ua.pt,War I,2,2018-04-21 01:43,Valve,Lisboa
Rosa5,Rosa,rosa5@ua.pt,Last Plus,18,2017-02-13 02:13,Intel,Coimbra
Rosa5,Rosa,rosa5@ua.pt,Ultra I,12,2017-07-19 01:16,Valve,Lisboa
Rosa5,Rosa,rosa5@ua.pt,Car Earth,16,2018-09-14 06:09,Valve,Lisboa
João86,João,joão86@ua.pt,Ultimate Fight,12,2017-01-02 12:17,Valve,Lisboa
João86,João,joão86@ua.pt,War I,2,2018-04-21 01:43,Valve,Lisboa
João86,João,joão86@ua.pt,Ultra II,8,2015-04-25 15:13,Pokemon,Martin
Inês24,Inês,inês24@ua.pt,Digital Infamous,12,2018-11-07 01:24,Valve,Lisboa
Inês24,Inês,inês24@ua.pt,First Final,2,2017-01-12 21:26,Nintendo,Faro
Inês24,Inês,inês24@ua.pt,Last Sun,18,2015-06-26 12:36,Intel,Coimbra
Inês24,Inês,inês24@ua.pt,Last War,2,2016-07-16 20:26,Pokemon,Martin
Inês24,Inês,inês24@ua.pt,Sun Pro,8,2015-06-04 09:34,Intel,Coimbra
Santiago29,Santiago,santiago29@ua.pt,Digital Pro,8,2017-11-14 01:24,Intel,Coimbra
Santiago29,Santiago,santiago29@ua.pt,Car Earth,16,2018-09-14 06:09,Valve,Lisboa
Santiago29,Santiago,santiago29@ua.pt,First Final,2,2017-01-12 21:26,Nintendo,Faro
Alice47,Alice,alice47@hotmail.com,Dawn Final,8,2018-08-23 14:24,Sony,Faro
Alice47,Alice,alice47@hotmail.com,Sun War,12,2015-04-11 09:37,Sony,Faro
Alice47,Alice,alice47@hotmail.com,Soldier Motor,8,2016-01-01 03:34,Sony,Faro
Alice47,Alice,alice47@hotmail.com,Pro Fight,16,2017-10-04 09:41,Nintendo,Faro
Alice47,Alice,alice47@hotmail.com,Car Earth,16,2018-09-14 06:09,Valve,Lisboa
Maria28,Maria,maria28@ua.pt,Pro Fight,16,2017-10-04 09:41,Nintendo,Faro
Vera2,Vera,vera2@outlook.pt,War Insane,18,2018-11-01 00:13,Sony,Faro
Vera2,Vera,vera2@outlook.pt,Pro Fight,16,2017-10-04 09:41,Nintendo,Faro
Vera2,Vera,vera2@outlook.pt,Ultra II,8,2015-04-25 15:13,Pokemon,Martin
Vera2,Vera,vera2@outlook.pt,Sun War,12,2015-04-11 09:37,Sony,Faro
Vera2,Vera,vera2@outlook.pt,Soldier Sun,12,2015-09-02 05:42,Sony,Faro
Vera2,Vera,vera2@outlook.pt,II Fight,8,2018-11-20 22:33,Pokemon,Martin
Soraia98,Soraia,soraia98@hotmail.com,War Insane,18,2018-11-01 00:13,Sony,Faro
Soraia98,Soraia,soraia98@hotmail.com,First Night,12,2017-01-28 01:18,Valve,Lisboa
Soraia98,Soraia,soraia98@hotmail.com,Dawn Sun,2,2017-03-05 14:45,Naughty Dog,Martin
Soraia98,Soraia,soraia98@hotmail.com,Ultra Motor,18,2017-10-23 16:08,Valve,Lisboa
Soraia98,Soraia,soraia98@hotmail.com,Extreme Motor,8,2015-06-03 07:06,Pokemon,Martin
Teresa44,Teresa,teresa44@outlook.pt,Digital Pro,8,2017-11-14 01:24,Intel,Coimbra
Teresa44,Teresa,teresa44@outlook.pt,Digital Infamous,12,2018-11-07 01:24,Valve,Lisboa
Teresa44,Teresa,teresa44@outlook.pt,Soldier Ultra,18,2015-12-15 08:55,Naughty Dog,Martin
Teresa44,Teresa,teresa44@outlook.pt,Earth Motor,2,2018-12-18 22:47,Nintendo,Faro
Teresa44,Teresa,teresa44@outlook.pt,Soldier Motor,8,2016-01-01 03:34,Sony,Faro
Soraia3,Soraia,soraia3@hotmail.com,II Dawn,12,2016-05-13 23:47,Nintendo,Faro
Soraia3,Soraia,soraia3@hotmail.com,Last Sun,18,2015-06-26 12:36,Intel,Coimbra
Soraia3,Soraia,soraia3@hotmail.com,War I,2,2018-04-21 01:43,Valve,Lisboa
Soraia3,Soraia,soraia3@hotmail.com,Earth First,8,2016-06-23 15:31,Nintendo,Faro
Soraia3,Soraia,soraia3@hotmail.com,Ultimate Fight,12,2017-01-02 12:17,Valve,Lisboa
Soraia3,Soraia,soraia3@hotmail.com,Digital Infamous,12,2018-11-07 01:24,Valve,Lisboa
Alice94,Alice,alice94@ua.pt,Ultimate Dawn,16,2015-12-07 13:29,Nintendo,Faro
Miguel69,Miguel,miguel69@ua.pt,Final Sun,8,2016-09-01 08:22,Naughty Dog,Martin
Miguel69,Miguel,miguel69@ua.pt,Extreme Motor,8,2015-06-03 07:06,Pokemon,Martin
Miguel69,Miguel,miguel69@ua.pt,Ultra II,8,2015-04-25 15:13,Pokemon,Martin
Miguel69,Miguel,miguel69@ua.pt,Earth Motor,2,2018-12-18 22:47,Nintendo,Faro
Miguel69,Miguel,miguel69@ua.pt,Night War,12,2015-03-20 19:12,Naughty Dog,Martin
Inês80,Inês,inês80@ua.pt,Earth Motor,2,2018-12-18 22:47,Nintendo,Faro
Inês95,Inês,inês95@hotmail.com,Ultra II,8,2015-04-25 15:13,Pokemon,Martin
Inês95,Inês,inês95@hotmail.com,Soldier Soldier,16,2016-03-01 10:47,Sony,Faro
Inês95,Inês,inês95@hotmail.com,Car Earth,16,2018-09-14 06:09,Valve,Lisboa
Inês95,Inês,inês95@hotmail.com,Earth First,8,2016-06-23 15:31,Nintendo,Faro
Inês95,Inês,inês95@hotmail.com,Last Sun,18,2015-06-26 12:36,Intel,Coimbra
Inês95,Inês,inês95@hotmail.com,Earth Motor,2,2018-12-18 22:47,Nintendo,Faro
Vera74,Vera,vera74@hotmail.com,Last War,2,2016-07-16 20:26,Pokemon,Martin
Vera74,Vera,vera74@hotmail.com,Soldier Ultra,18,2015-12-15 08:55,Naughty Dog,Martin
Vera74,Vera,vera74@hotmail.com,Soldier Last,2,2017-10-01 22:56,Nintendo,Faro
Vera74,Vera,vera74@hotmail.com,Soldier Sun,12,2015-09-02 05:42,Sony,Faro
Vera74,Vera,vera74@hotmail.com,I Earth,18,2018-05-23 02:48,Intel,Coimbra
Vera74,Vera,vera74@hotmail.com,Ultra Motor,18,2017-10-23 16:08,Valve,Lisboa
Miguel46,Miguel,miguel46@ua.pt,Ultra Motor,18,2017-10-23 16:08,Valve,Lisboa
Miguel46,Miguel,miguel46@ua.pt,Dawn First,8,2015-06-11 10:35,Naughty Dog,Martin
Miguel46,Miguel,miguel46@ua.pt,First Final,2,2017-01-12 21:26,Nintendo,Faro
Miguel46,Miguel,miguel46@ua.pt,Last Plus,18,2017-02-13 02:13,Intel,Coimbra
Miguel46,Miguel,miguel46@ua.pt,Digital Infamous,12,2018-11-07 01:24,Valve,Lisboa
Miguel46,Miguel,miguel46@ua.pt,Ultra I,12,2017-07-19 01:16,Valve,Lisboa
Marta23,Marta,marta23@hotmail.com,Night War,12,2015-03-20 19:12,Naughty Dog,Martin
Marta23,Marta,marta23@hotmail.com,II Fight,8,2018-11-20 22:33,Pokemon,Martin
Marta23,Marta,marta23@hotmail.com,Earth Motor,2,2018-12-18 22:47,Nintendo,Faro
Marta23,Marta,marta23@hotmail.com,Extreme Motor,8,2015-06-03 07:06,Pokemon,Martin
Marta23,Marta,marta23@hotmail.com,Night Digital,12,2015-02-06 00:38,Pokemon,Martin
José11,José,josé11@ua.pt,Last Plus,18,2017-02-13 02:13,Intel,Coimbra
José11,José,josé11@ua.pt,Pro Fight,16,2017-10-04 09:41,Nintendo,Faro
José11,José,josé11@ua.pt,II Fight,8,2018-11-20 22:33,Pokemon,Martin
José11,José,josé11@ua.pt,Sun Pro,8,2015-06-04 09:34,Intel,Coimbra
José11,José,josé11@ua.pt,War Ultra,12,2015-10-02 08:09,Intel,Coimbra
Carla99,Carla,carla99@outlook.pt,Last Plus,18,2017-02-13 02:13,Intel,Coimbra
Carla99,Carla,carla99@outlook.pt,War Ultra,12,2015-10-02 08:09,Intel,Coimbra
Carla99,Carla,carla99@outlook.pt,Last War,2,2016-07-16 20:26,Pokemon,Martin
Carla99,Carla,carla99@outlook.pt,Sun War,12,2015-04-11 09:37,Sony,Faro
Rodrigo42,Rodrigo,rodrigo42@ua.pt,Soldier Soldier,16,2016-03-01 10:47,Sony,Faro
Rodrigo42,Rodrigo,rodrigo42@ua.pt,First Night,12,2017-01-28 01:18,Valve,Lisboa
Rodrigo42,Rodrigo,rodrigo42@ua.pt,Infamous Digital,12,2017-04-25 20:31,Pokemon,Martin
Rodrigo42,Rodrigo,rodrigo42@ua.pt,Last War,2,2016-07-16 20:26,Pokemon,Martin
Inês56,Inês,inês56@outlook.pt,Pro Last,12,2018-09-12 15:31,Naughty Dog,Martin
Inês56,Inês,inês56@outlook.pt,Digital Pro,8,2017-11-14 01:24,Intel,Coimbra
Inês56,Inês,inês56@outlook.pt,Extreme Motor,8,2015-06-03 07:06,Pokemon,Martin
Inês56,Inês,inês56@outlook.pt,War I,2,2018-04-21 01:43,Valve,Lisboa
Teresa0,Teresa,teresa0@ua.pt,Dawn Sun,2,2017-03-05 14:45,Naughty Dog,Martin
Luís93,Luís,luís93@hotmail.com,Earth Motor,2,2018-12-18 22:47,Nintendo,Faro
Luís93,Luís,luís93@hotmail.com,Sun War,12,2015-04-11 09:37,Sony,Faro
Luís93,Luís,luís93@hotmail.com,First Night,12,2017-01-28 01:18,Valve,Lisboa
Luís93,Luís,luís93@hotmail.com,Soldier Motor,8,2016-01-01 03:34,Sony,Faro
Teresa26,Teresa,teresa26@ua.pt,Final Sun,8,2016-09-01 08:22,Naughty Dog,Martin
Teresa26,Teresa,teresa26@ua.pt,Night Digital,12,2015-02-06 00:38,Pokemon,Martin
Teresa26,Teresa,teresa26@ua.pt,Digital Pro,8,2017-11-14 01:24,Intel,Coimbra
Teresa26,Teresa,teresa26@ua.pt,War Insane,18,2018-11-01 00:13,Sony,Faro
Alice6,Alice,alice6@outlook.pt,Earth First,8,2016-06-23 15:31,Nintendo,Faro
Alice6,Alice,alice6@outlook.pt,Ultra I,12,2017-07-19 01:16,Valve,Lisboa
Alice47,Alice,alice47@hotmail.com,Soldier Last,2,2017-10-01 22:56,Nintendo,Faro
Alice47,Alice,alice47@hotmail.com,Car Earth,16,2018-09-14 06:09,Valve,Lisboa
Alice47,Alice,alice47@hotmail.com,Ultimate Fight,12,2017-01-02 12:17,Valve,Lisboa
Rita75,Rita,rita75@ua.pt,Earth Motor,2,2018-12-18 22:47,Nintendo,Faro
Rita75,Rita,rita75@ua.pt,First Night,12,2017-01-28 01:18,Valve,Lisboa
Rita75,Rita,rita75@ua.pt,Final Sun,8,2016-09-01 08:22,Naughty Dog,Martin
Rita75,Rita,rita75@ua.pt,Dawn First,8,2015-06-11 10:35,Naughty Dog,Martin
Rita75,Rita,rita75@ua.pt,War I,2,2018-04-21 01:43,Valve,Lisboa
Rita75,Rita,rita75@ua.pt,First Final,2,2017-01-12 21:26,Nintendo,Faro
Francisca95,Francisca,francisca95@ua.pt,Pro Fight,16,2017-10-04 09:41,Nintendo,Faro
Rodrigo7,Rodrigo,rodrigo7@ua.pt,Soldier Sun,12,2015-09-02 05:42,Sony,Faro
Rodrigo7,Rodrigo,rodrigo7@ua.pt,Earth First,8,2016-06-23 15:31,Nintendo,Faro
Rodrigo7,Rodrigo,rodrigo7@ua.pt,Sun War,12,2015-04-11 09:37,Sony,Faro
Rodrigo7,Rodrigo,rodrigo7@ua.pt,Digital Pro,8,2017-11-14 01:24,Intel,Coimbra
Lara18,Lara,lara18@ua.pt,Car Earth,16,2018-09-14 06:09,Valve,Lisboa
Miguel1,Miguel,miguel1@ua.pt,Dawn First,8,2015-06-11 10:35,Naughty Dog,Martin
Miguel1,Miguel,miguel1@ua.pt,Last Plus,18,2017-02-13 02:13,Intel,Coimbra
Miguel1,Miguel,miguel1@ua.pt,Earth Motor,2,2018-12-18 22:47,Nintendo,Faro
Miguel1,Miguel,miguel1@ua.pt,Car Earth,16,2018-09-14 06:09,Valve,Lisboa
Miguel1,Miguel,miguel1@ua.pt,Ultimate Fight,12,2017-01-02 12:17,Valve,Lisboa
Leonor1,Leonor,leonor1@ua.pt,II Fight,8,2018-11-20 22:33,Pokemon,Martin
Leonor1,Leonor,leonor1@ua.pt,Pro Last,12,2018-09-12 15:31,Naughty Dog,Martin
Leonor1,Leonor,leonor1@ua.pt,Last Sun,18,2015-06-26 12:36,Intel,Coimbra
Leonor1,Leonor,leonor1@ua.pt,Sun War,12,2015-04-11 09:37,Sony,Faro
Leonor1,Leonor,leonor1@ua.pt,Soldier Sun,12,2015-09-02 05:42,Sony,Faro
Soraia40,Soraia,soraia40@outlook.pt,Infamous Digital,12,2017-04-25 20:31,Pokemon,Martin
Soraia40,Soraia,soraia40@outlook.pt,Final Sun,8,2016-09-01 08:22,Naughty Dog,Martin
Soraia40,Soraia,soraia40@outlook.pt,War I,2,2018-04-21 01:43,Valve,Lisboa
Margarida56,Margarida,margarida56@ua.pt,War Insane,18,2018-11-01 00:13,Sony,Faro
Margarida56,Margarida,margarida56@ua.pt,Sun Pro,8,2015-06-04 09:34,Intel,Coimbra
Margarida56,Margarida,margarida56@ua.pt,Soldier Motor,8,2016-01-01 03:34,Sony,Faro
Margarida56,Margarida,margarida56@ua.pt,Extreme Motor,8,2015-06-03 07:06,Pokemon,Martin
Margarida56,Margarida,margarida56@ua.pt,Ultimate Dawn,16,2015-12-07 13:29,Nintendo,Faro
Margarida56,Margarida,margarida56@ua.pt,Infamous Digital,12,2017-04-25 20:31,Pokemon,Martin
Luís52,Luís,luís52@ua.pt,Pro Fight,16,2017-10-04 09:41,Nintendo,Faro
Luís52,Luís,luís52@ua.pt,I Earth,18,2018-05-23 02:48,Intel,Coimbra
Luís52,Luís,luís52@ua.pt,Night Digital,12,2015-02-06 00:38,Pokemon,Martin
Filipa8,Filipa,filipa8@ua.pt,War Insane,18,2018-11-01 00:13,Sony,Faro
Filipa8,Filipa,filipa8@ua.pt,Dawn Sun,2,2017-03-05 14:45,Naughty Dog,Martin
Alice54,Alice,alice54@ua.pt,I Earth,18,2018-05-23 02:48,Intel,Coimbra
Pedro34,Pedro,pedro34@outlook.pt,Earth Motor,2,2018-12-18 22:47,Nintendo,Faro
Pedro34,Pedro,pedro34@outlook.pt,War Ultra,12,2015-10-02 08:09,Intel,Coimbra
Pedro34,Pedro,pedro34@outlook.pt,Night War,12,2015-03-20 19:12,Naughty Dog,Martin
Pedro34,Pedro,pedro34@outlook.pt,II Fight,8,2018-11-20 22:33,Pokemon,Martin
Pedro34,Pedro,pedro34@outlook.pt,Last Sun,18,2015-06-26 12:36,Intel,Coimbra
Pedro34,Pedro,pedro34@outlook.pt,War Insane,18,2018-11-01 00:13,Sony,Faro
José48,José,josé48@ua.pt,Soldier Soldier,16,2016-03-01 10:47,Sony,Faro
José48,José,josé48@ua.pt,Earth Motor,2,2018-12-18 22:47,Nintendo,Faro
José48,José,josé48@ua.pt,Dawn Final,8,2018-08-23 14:24,Sony,Faro
José48,José,josé48@ua.pt,Last War,2,2016-07-16 20:26,Pokemon,Martin
Luís73,Luís,luís73@outlook.pt,First Final,2,2017-01-12 21:26,Nintendo,Faro
Luís73,Luís,luís73@outlook.pt,Night Digital,12,2015-02-06 00:38,Pokemon,Martin
Luís73,Luís,luís73@outlook.pt,Dawn Final,8,2018-08-23 14:24,Sony,Faro
Luís73,Luís,luís73@outlook.pt,Soldier Ultra,18,2015-12-15 08:55,Naughty Dog,Martin
Luís73,Luís,luís73@outlook.pt,Soldier Motor,8,2016-01-01 03:34,Sony,Faro
Miguel65,Miguel,miguel65@hotmail.com,Digital Infamous,12,2018-11-07 01:24,Valve,Lisboa
Miguel65,Miguel,miguel65@hotmail.com,Ultimate Dawn,16,2015-12-07 13:29,Nintendo,Faro
Ana66,Ana,ana66@ua.pt,II Dawn,12,2016-05-13 23:47,Nintendo,Faro
Ana66,Ana,ana66@ua.pt,Dawn First,8,2015-06-11 10:35,Naughty Dog,Martin
Ana66,Ana,ana66@ua.pt,Ultimate Dawn,16,2015-12-07 13:29,Nintendo,Faro
Ana66,Ana,ana66@ua.pt,Ultimate Fight,12,2017-01-02 12:17,Valve,Lisboa
Ana66,Ana,ana66@ua.pt,Night Digital,12,2015-02-06 00:38,Pokemon,Martin
Ana66,Ana,ana66@ua.pt,Soldier Motor,8,2016-01-01 03:34,Sony,Faro
Helena82,Helena,helena82@hotmail.com,Extreme II,2,2015-05-26 09:52,Pokemon,Martin
Helena82,Helena,helena82@hotmail.com,II Dawn,12,2016-05-13 23:47,Nintendo,Faro
Helena82,Helena,helena82@hotmail.com,Ultra Motor,18,2017-10-23 16:08,Valve,Lisboa
Helena82,Helena,helena82@hotmail.com,Dawn First,8,2015-06-11 10:35,Naughty Dog,Martin
Helena82,Helena,helena82@hotmail.com,Last War,2,2016-07-16 20:26,Pokemon,Martin
Leonor15,Leonor,leonor15@hotmail.com,Ultra Motor,18,2017-10-23 16:08,Valve,Lisboa
Leonor15,Leonor,leonor15@hotmail.com,Dawn Sun,2,2017-03-05 14:45,Naughty Dog,Martin
Leonor15,Leonor,leonor15@hotmail.com,Ultra II,8,2015-04-25 15:13,Pokemon,Martin
Leonor15,Leonor,leonor15@hotmail.com,Ultimate Dawn,16,2015-12-07 13:29,Nintendo,Faro
Leonor15,Leonor,leonor15@hotmail.com,Extreme Motor,8,2015-06-03 07:06,Pokemon,Martin
Vera51,Vera,vera51@ua.pt,Final Sun,8,2016-09-01 08:22,Naughty Dog,Martin
Vera51,Vera,vera51@ua.pt,War Insane,18,2018-11-01 00:13,Sony,Faro
Vera51,Vera,vera51@ua.pt,Last War,2,2016-07-16 20:26,Pokemon,Martin
Vera51,Vera,vera51@ua.pt,Car Earth,16,2018-09-14 06:09,Valve,Lisboa
Vera51,Vera,vera51@ua.pt,Sun War,12,2015-04-11 09:37,Sony,Faro
Vera51,Vera,vera51@ua.pt,Night War,12,2015-03-20 19:12,Naughty Dog,Martin
Pedro22,Pedro,pedro22@outlook.pt,Soldier Soldier,16,2016-03-01 10:47,Sony,Faro
Pedro22,Pedro,pedro22@outlook.pt,II Fight,8,2018-11-20 22:33,Pokemon,Martin
Pedro22,Pedro,pedro22@outlook.pt,War Insane,18,2018-11-01 00:13,Sony,Faro
Pedro22,Pedro,pedro22@outlook.pt,Earth First,8,2016-06-23 15:31,Nintendo,Faro
Pedro22,Pedro,pedro22@outlook.pt,First Final,2,2017-01-12 21:26,Nintendo,Faro
Pedro22,Pedro,pedro22@outlook.pt,Last Sun,18,2015-06-26 12:36,Intel,Coimbra
Maria3,Maria,maria3@hotmail.com,Ultimate Dawn,16,2015-12-07 13:29,Nintendo,Faro
Maria3,Maria,maria3@hotmail.com,Sun Pro,8,2015-06-04 09:34,Intel,Coimbra
Maria3,Maria,maria3@hotmail.com,II Fight,8,2018-11-20 22:33,Pokemon,Martin
Vera42,Vera,vera42@outlook.pt,Last Sun,18,2015-06-26 12:36,Intel,Coimbra
Vera42,Vera,vera42@outlook.pt,Sun War,12,2015-04-11 09:37,Sony,Faro
Vera42,Vera,vera42@outlook.pt,Night Digital,12,2015-02-06 00:38,Pokemon,Martin
Vera42,Vera,vera42@outlook.pt,Last Plus,18,2017-02-13 02:13,Intel,Coimbra
Rita12,Rita,rita12@ua.pt,Dawn First,8,2015-06-11 10:35,Naughty Dog,Martin
Rita12,Rita,rita12@ua.pt,Pro Last,12,2018-09-12 15:31,Naughty Dog,Martin
Rita12,Rita,rita12@ua.pt,Sun War,12,2015-04-11 09:37,Sony,Faro
Rita12,Rita,rita12@ua.pt,II Dawn,12,2016-05-13 23:47,Nintendo,Faro
Rita12,Rita,rita12@ua.pt,Infamous Digital,12,2017-04-25 20:31,Pokemon,Martin
Rita12,Rita,rita12@ua.pt,First Final,2,2017-01-12 21:26,Nintendo,Faro
Mafalda63,Mafalda,mafalda63@outlook.pt,Dawn Sun,2,2017-03-05 14:45,Naughty Dog,Martin
Carla98,Carla,carla98@ua.pt,Soldier Soldier,16,2016-03-01 10:47,Sony,Faro
Carla98,Carla,carla98@ua.pt,Infamous Dawn,2,2018-03-20 12:05,Sony,Faro
Carla98,Carla,carla98@ua.pt,Dawn Final,8,2018-08-23 14:24,Sony,Faro
Carla98,Carla,carla98@ua.pt,Ultimate Dawn,16,2015-12-07 13:29,Nintendo,Faro
Rodrigo55,Rodrigo,rodrigo55@hotmail.com,Pro Fight,16,2017-10-04 09:41,Nintendo,Faro
José34,José,josé34@outlook.pt,War I,2,2018-04-21 01:43,Valve,Lisboa
Leonor48,Leonor,leonor48@outlook.pt,War I,2,2018-04-21 01:43,Valve,Lisboa
Ana56,Ana,ana56@ua.pt,War Ultra,12,2015-10-02 08:09,Intel,Coimbra
Ana56,Ana,ana56@ua.pt,Dawn Sun,2,2017-03-05 14:45,Naughty Dog,Martin
Ana56,Ana,ana56@ua.pt,Digital Infamous,12,2018-11-07 01:24,Valve,Lisboa
Ana56,Ana,ana56@ua.pt,Earth First,8,2016-06-23 15:31,Nintendo,Faro
Ana56,Ana,ana56@ua.pt,Ultra I,12,2017-07-19 01:16,Valve,Lisboa
Ana56,Ana,ana56@ua.pt,I Earth,18,2018-05-23 02:48,Intel,Coimbra
Santiago56,Santiago,santiago56@hotmail.com,War Ultra,12,2015-10-02 08:09,Intel,Coimbra
Teresa84,Teresa,teresa84@ua.pt,Night War,12,2015-03-20 19:12,Naughty Dog,Martin
Teresa84,Teresa,teresa84@ua.pt,Ultimate Fight,12,2017-01-02 12:17,Valve,Lisboa
Teresa84,Teresa,teresa84@ua.pt,Dawn First,8,2015-06-11 10:35,Naughty Dog,Martin
Teresa84,Teresa,teresa84@ua.pt,Soldier Last,2,2017-10-01 22:56,Nintendo,Faro
Teresa84,Teresa,teresa84@ua.pt,Dawn Sun,2,2017-03-05 14:45,Naughty Dog,Martin
Teresa84,Teresa,teresa84@ua.pt,Last War,2,2016-07-16 20:26,Pokemon,Martin
Vera36,Vera,vera36@outlook.pt,I Earth,18,2018-05-23 02:48,Intel,Coimbra
Vera36,Vera,vera36@outlook.pt,First Final,2,2017-01-12 21:26,Nintendo,Faro
Helena14,Helena,helena14@hotmail.com,Ultra I,12,2017-07-19 01:16,Valve,Lisboa
Helena14,Helena,helena14@hotmail.com,Final Sun,8,2016-09-01 08:22,Naughty Dog,Martin
Helena14,Helena,helena14@hotmail.com,II Fight,8,2018-11-20 22:33,Pokemon,Martin
Helena14,Helena,helena14@hotmail.com,Dawn Final,8,2018-08-23 14:24,Sony,Faro
Alice11,Alice,alice11@outlook.pt,Sun Pro,8,2015-06-04 09:34,Intel,Coimbra
Alice11,Alice,alice11@outlook.pt,Last Sun,18,2015-06-26 12:36,Intel,Coimbra
Alice11,Alice,alice11@outlook.pt,War Insane,18,2018-11-01 00:13,Sony,Faro
Alice11,Alice,alice11@outlook.pt,Dawn Final,8,2018-08-23 14:24,Sony,Faro
Alice11,Alice,alice11@outlook.pt,Infamous Digital,12,2017-04-25 20:31,Pokemon,Martin
Alice11,Alice,alice11@outlook.pt,Ultra II,8,2015-04-25 15:13,Pokemon,Martin
Filipa5,Filipa,filipa5@hotmail.com,Sun Pro,8,2015-06-04 09:34,Intel,Coimbra
Filipa5,Filipa,filipa5@hotmail.com,II Dawn,12,2016-05-13 23:47,Nintendo,Faro
Filipa5,Filipa,filipa5@hotmail.com,War I,2,2018-04-21 01:43,Valve,Lisboa
Filipa5,Filipa,filipa5@hotmail.com,Pro Last,12,2018-09-12 15:31,Naughty Dog,Martin
Filipa5,Filipa,filipa5@hotmail.com,Dawn Sun,2,2017-03-05 14:45,Naughty Dog,Martin
Filipa5,Filipa,filipa5@hotmail.com,Dawn First,8,2015-06-11 10:35,Naughty Dog,Martin
Pedro23,Pedro,pedro23@ua.pt,Infamous Dawn,2,2018-03-20 12:05,Sony,Faro
Luís11,Luís,luís11@ua.pt,Extreme II,2,2015-05-26 09:52,Pokemon,Martin
Luís11,Luís,luís11@ua.pt,II Dawn,12,2016-05-13 23:47,Nintendo,Faro
Luís11,Luís,luís11@ua.pt,Earth Motor,2,2018-12-18 22:47,Nintendo,Faro
Luís11,Luís,luís11@ua.pt,Extreme Motor,8,2015-06-03 07:06,Pokemon,Martin
Teresa88,Teresa,teresa88@ua.pt,II Dawn,12,2016-05-13 23:47,Nintendo,Faro
Teresa88,Teresa,teresa88@ua.pt,Ultimate Fight,12,2017-01-02 12:17,Valve,Lisboa
Teresa88,Teresa,teresa88@ua.pt,Ultimate Dawn,16,2015-12-07 13:29,Nintendo,Faro
Teresa88,Teresa,teresa88@ua.pt,I Earth,18,2018-05-23 02:48,Intel,Coimbra
Teresa88,Teresa,teresa88@ua.pt,Soldier Last,2,2017-10-01 22:56,Nintendo,Faro
José72,José,josé72@hotmail.com,II Fight,8,2018-11-20 22:33,Pokemon,Martin
José72,José,josé72@hotmail.com,War Insane,18,2018-11-01 00:13,Sony,Faro
José72,José,josé72@hotmail.com,Last War,2,2016-07-16 20:26,Pokemon,Martin
José72,José,josé72@hotmail.com,Night War,12,2015-03-20 19:12,Naughty Dog,Martin
José62,José,josé62@hotmail.com,Ultra Motor,18,2017-10-23 16:08,Valve,Lisboa
José62,José,josé62@hotmail.com,Ultra II,8,2015-04-25 15:13,Pokemon,Martin
José62,José,josé62@hotmail.com,War I,2,2018-04-21 01:43,Valve,Lisboa
Marta85,Marta,marta85@ua.pt,II Dawn,12,2016-05-13 23:47,Nintendo,Faro
Marta85,Marta,marta85@ua.pt,First Night,12,2017-01-28 01:18,Valve,Lisboa
Marta85,Marta,marta85@ua.pt,War Ultra,12,2015-10-02 08:09,Intel,Coimbra
Marta85,Marta,marta85@ua.pt,Pro Last,12,2018-09-12 15:31,Naughty Dog,Martin
Marta85,Marta,marta85@ua.pt,Infamous Digital,12,2017-04-25 20:31,Pokemon,Martin
Marta85,Marta,marta85@ua.pt,Soldier Last,2,2017-10-01 22:56,Nintendo,Faro
Lara29,Lara,lara29@outlook.pt,II Fight,8,2018-11-20 22:33,Pokemon,Martin
Lara29,Lara,lara29@outlook.pt,Soldier Sun,12,2015-09-02 05:42,Sony,Faro
Lara29,Lara,lara29@outlook.pt,I Earth,18,2018-05-23 02:48,Intel,Coimbra
Lara29,Lara,lara29@outlook.pt,Extreme II,2,2015-05-26 09:52,Pokemon,Martin
Carla36,Carla,carla36@outlook.pt,Ultra II,8,2015-04-25 15:13,Pokemon,Martin
Carla36,Carla,carla36@outlook.pt,Ultimate Dawn,16,2015-12-07 13:29,Nintendo,Faro
Carla36,Carla,carla36@outlook.pt,Earth Motor,2,2018-12-18 22:47,Nintendo,Faro
Carla36,Carla,carla36@outlook.pt,I Earth,18,2018-05-23 02:48,Intel,Coimbra
Carla36,Carla,carla36@outlook.pt,Sun Pro,8,2015-06-04 09:34,Intel,Coimbra
Carla36,Carla,carla36@outlook.pt,Ultimate Fight,12,2017-01-02 12:17,Valve,Lisboa
Rosa89,Rosa,rosa89@ua.pt,Final Sun,8,2016-09-01 08:22,Naughty Dog,Martin
Rafaela78,Rafaela,rafaela78@hotmail.com,Dawn Sun,2,2017-03-05 14:45,Naughty Dog,Martin
Rafaela78,Rafaela,rafaela78@hotmail.com,Sun Pro,8,2015-06-04 09:34,Intel,Coimbra
Rafaela78,Rafaela,rafaela78@hotmail.com,Soldier Sun,12,2015-09-02 05:42,Sony,Faro
Rafaela78,Rafaela,rafaela78@hotmail.com,Car Earth,16,2018-09-14 06:09,Valve,Lisboa
Alice83,Alice,alice83@outlook.pt,Extreme Motor,8,2015-06-03 07:06,Pokemon,Martin
Alice83,Alice,alice83@outlook.pt,Night War,12,2015-03-20 19:12,Naughty Dog,Martin
Francisca85,Francisca,francisca85@hotmail.com,II Fight,8,2018-11-20 22:33,Pokemon,Martin
Francisca85,Francisca,francisca85@hotmail.com,Soldier Sun,12,2015-09-02 05:42,Sony,Faro
Francisca85,Francisca,francisca85@hotmail.com,Sun Pro,8,2015-06-04 09:34,Intel,Coimbra
Rita16,Rita,rita16@ua.pt,Soldier Ultra,18,2015-12-15 08:55,Naughty Dog,Martin
Maria20,Maria,maria20@hotmail.com,II Fight,8,2018-11-20 22:33,Pokemon,Martin
Maria20,Maria,maria20@hotmail.com,I Earth,18,2018-05-23 02:48,Intel,Coimbra
Maria20,Maria,maria20@hotmail.com,Ultra I,12,2017-07-19 01:16,Valve,Lisboa
Maria20,Maria,maria20@hotmail.com,Infamous Dawn,2,2018-03-20 12:05,Sony,Faro
Maria20,Maria,maria20@hotmail.com,Pro Last,12,2018-09-12 15:31,Naughty Dog,Martin
Maria20,Maria,maria20@hotmail.com,Car Earth,16,2018-09-14 06:09,Valve,Lisboa
Rafael52,Rafael,rafael52@ua.pt,Night War,12,2015-03-20 19:12,Naughty Dog,Martin
Rafael52,Rafael,rafael52@ua.pt,Digital Pro,8,2017-11-14 01:24,Intel,Coimbra
Rafael52,Rafael,rafael52@ua.pt,Soldier Motor,8,2016-01-01 03:34,Sony,Faro
Maria42,Maria,maria42@ua.pt,Pro Last,12,2018-09-12 15:31,Naughty Dog,Martin
Maria42,Maria,maria42@ua.pt,First Final,2,2017-01-12 21:26,Nintendo,Faro
Maria42,Maria,maria42@ua.pt,War Insane,18,2018-11-01 00:13,Sony,Faro
Maria42,Maria,maria42@ua.pt,Digital Infamous,12,2018-11-07 01:24,Valve,Lisboa
Maria42,Maria,maria42@ua.pt,Earth First,8,2016-06-23 15:31,Nintendo,Faro
Maria42,Maria,maria42@ua.pt,War I,2,2018-04-21 01:43,Valve,Lisboa
Inês26,Inês,inês26@ua.pt,First Final,2,2017-01-12 21:26,Nintendo,Faro
Inês26,Inês,inês26@ua.pt,Final Sun,8,2016-09-01 08:22,Naughty Dog,Martin
Inês26,Inês,inês26@ua.pt,Last Sun,18,2015-06-26 12:36,Intel,Coimbra
Inês26,Inês,inês26@ua.pt,Pro Fight,16,2017-10-04 09:41,Nintendo,Faro
Rodrigo57,Rodrigo,rodrigo57@outlook.pt,First Final,2,2017-01-12 21:26,Nintendo,Faro
Inês87,Inês,inês87@outlook.pt,War Insane,18,2018-11-01 00:13,Sony,Faro
Lara68,Lara,lara68@hotmail.com,Earth Motor,2,2018-12-18 22:47,Nintendo,Faro
Lara68,Lara,lara68@hotmail.com,Night War,12,2015-03-20 19:12,Naughty Dog,Martin
Lara68,Lara,lara68@hotmail.com,I Earth,18,2018-05-23 02:48,Intel,Coimbra
Francisca20,Francisca,francisca20@hotmail.com,Car Earth,16,2018-09-14 06:09,Valve,Lisboa
Francisca20,Francisca,francisca20@hotmail.com,Night Digital,12,2015-02-06 00:38,Pokemon,Martin
Francisca20,Francisca,francisca20@hotmail.com,Extreme II,2,2015-05-26 09:52,Pokemon,Martin
Francisca20,Francisca,francisca20@hotmail.com,Infamous Digital,12,2017-04-25 20:31,Pokemon,Martin
Francisca20,Francisca,francisca20@hotmail.com,I Earth,18,2018-05-23 02:48,Intel,Coimbra
Inês37,Inês,inês37@ua.pt,II Dawn,12,2016-05-13 23:47,Nintendo,Faro
Inês37,Inês,inês37@ua.pt,Soldier Last,2,2017-10-01 22:56,Nintendo,Faro
Inês37,Inês,inês37@ua.pt,War I,2,2018-04-21 01:43,Valve,Lisboa
Inês37,Inês,inês37@ua.pt,Dawn Final,8,2018-08-23 14:24,Sony,Faro
Inês37,Inês,inês37@ua.pt,Extreme Motor,8,2015-06-03 07:06,Pokemon,Martin
Rodrigo25,Rodrigo,rodrigo25@hotmail.com,Dawn First,8,2015-06-11 10:35,Naughty Dog,Martin
Rodrigo25,Rodrigo,rodrigo25@hotmail.com,Ultra Motor,18,2017-10-23 16:08,Valve,Lisboa
Santiago12,Santiago,santiago12@outlook.pt,Dawn Final,8,2018-08-23 14:24,Sony,Faro
Santiago12,Santiago,santiago12@outlook.pt,Ultimate Fight,12,2017-01-02 12:17,Valve,Lisboa
Santiago12,Santiago,santiago12@outlook.pt,War I,2,2018-04-21 01:43,Valve,Lisboa
Santiago12,Santiago,santiago12@outlook.pt,Digital Pro,8,2017-11-14 01:24,Intel,Coimbra
Santiago12,Santiago,santiago12@outlook.pt,Infamous Digital,12,2017-04-25 20:31,Pokemon,Martin
Helena39,Helena,helena39@ua.pt,Last Plus,18,2017-02-13 02:13,Intel,Coimbra
Helena39,Helena,helena39@ua.pt,Dawn Final,8,2018-08-23 14:24,Sony,Faro
Helena39,Helena,helena39@ua.pt,Dawn First,8,2015-06-11 10:35,Naughty Dog,Martin
Helena39,Helena,helena39@ua.pt,Earth Motor,2,2018-12-18 22:47,Nintendo,Faro
Lara85,Lara,lara85@hotmail.com,Earth Motor,2,2018-12-18 22:47,Nintendo,Faro
Rodrigo87,Rodrigo,rodrigo87@hotmail.com,Dawn Sun,2,2017-03-05 14:45,Naughty Dog,Martin
Luís93,Luís,luís93@hotmail.com,Ultra I,12,2017-07-19 01:16,Valve,Lisboa
Luís93,Luís,luís93@hotmail.com,Last Plus,18,2017-02-13 02:13,Intel,Coimbra
Luís93,Luís,luís93@hotmail.com,I Earth,18,2018-05-23 02:48,Intel,Coimbra
Luís93,Luís,luís93@hotmail.com,Extreme Motor,8,2015-06-03 07:06,Pokemon,Martin
Luís93,Luís,luís93@hotmail.com,Soldier Last,2,2017-10-01 22:56,Nintendo,Faro
Luís93,Luís,luís93@hotmail.com,Soldier Sun,12,2015-09-02 05:42,Sony,Faro
Rodrigo20,Rodrigo,rodrigo20@ua.pt,Soldier Ultra,18,2015-12-15 08:55,Naughty Dog,Martin
Rodrigo20,Rodrigo,rodrigo20@ua.pt,Extreme II,2,2015-05-26 09:52,Pokemon,Martin
Rodrigo20,Rodrigo,rodrigo20@ua.pt,First Final,2,2017-01-12 21:26,Nintendo,Faro
Rodrigo20,Rodrigo,rodrigo20@ua.pt,Ultra I,12,2017-07-19 01:16,Valve,Lisboa
Rodrigo20,Rodrigo,rodrigo20@ua.pt,Final Sun,8,2016-09-01 08:22,Naughty Dog,Martin
Soraia3,Soraia,soraia3@ua.pt,War Insane,18,2018-11-01 00:13,Sony,Faro
Soraia3,Soraia,soraia3@ua.pt,First Final,2,2017-01-12 21:26,Nintendo,Faro
Soraia3,Soraia,soraia3@ua.pt,Infamous Digital,12,2017-04-25 20:31,Pokemon,Martin
Soraia3,Soraia,soraia3@ua.pt,Pro Fight,16,2017-10-04 09:41,Nintendo,Faro
Soraia3,Soraia,soraia3@ua.pt,Extreme Motor,8,2015-06-03 07:06,Pokemon,Martin
Soraia3,Soraia,soraia3@ua.pt,First Night,12,2017-01-28 01:18,Valve,Lisboa
Carla58,Carla,carla58@hotmail.com,Earth First,8,2016-06-23 15:31,Nintendo,Faro
Carla58,Carla,carla58@hotmail.com,Soldier Soldier,16,2016-03-01 10:47,Sony,Faro
Carla58,Carla,carla58@hotmail.com,Last War,2,2016-07-16 20:26,Pokemon,Martin
Miguel71,Miguel,miguel71@hotmail.com,Soldier Ultra,18,2015-12-15 08:55,Naughty Dog,Martin
Miguel71,Miguel,miguel71@hotmail.com,War Ultra,12,2015-10-02 08:09,Intel,Coimbra
Ana26,Ana,ana26@outlook.pt,Last War,2,2016-07-16 20:26,Pokemon,Martin
Ana26,Ana,ana26@outlook.pt,Last Plus,18,2017-02-13 02:13,Intel,Coimbra
Ana26,Ana,ana26@outlook.pt,Soldier Sun,12,2015-09-02 05:42,Sony,Faro
Ana26,Ana,ana26@outlook.pt,Digital Infamous,12,2018-11-07 01:24,Valve,Lisboa
Ana26,Ana,ana26@outlook.pt,Ultra Motor,18,2017-10-23 16:08,Valve,Lisboa
Mafalda66,Mafalda,mafalda66@outlook.pt,Soldier Motor,8,2016-01-01 03:34,Sony,Faro
Marta16,Marta,marta16@hotmail.com,Ultimate Dawn,16,2015-12-07 13:29,Nintendo,Faro
Marta16,Marta,marta16@hotmail.com,Last War,2,2016-07-16 20:26,Pokemon,Martin
João98,João,joão98@ua.pt,II Fight,8,2018-11-20 22:33,Pokemon,Martin
Ana34,Ana,ana34@hotmail.com,War Insane,18,2018-11-01 00:13,Sony,Faro
Ana34,Ana,ana34@hotmail.com,Extreme Motor,8,2015-06-03 07:06,Pokemon,Martin
Ana34,Ana,ana34@hotmail.com,Last Plus,18,2017-02-13 02:13,Intel,Coimbra
Ana34,Ana,ana34@hotmail.com,Sun War,12,2015-04-11 09:37,Sony,Faro
Ana34,Ana,ana34@hotmail.com,II Fight,8,2018-11-20 22:33,Pokemon,Martin
Ana34,Ana,ana34@hotmail.com,I Earth,18,2018-05-23 02:48,Intel,Coimbra
Inês56,Inês,inês56@outlook.pt,Last Plus,18,2017-02-13 02:13,Intel,Coimbra
Inês56,Inês,inês56@outlook.pt,Pro Last,12,2018-09-12 15:31,Naughty Dog,Martin
Inês56,Inês,inês56@outlook.pt,Earth Motor,2,2018-12-18 22:47,Nintendo,Faro
Inês56,Inês,inês56@outlook.pt,Sun War,12,2015-04-11 09:37,Sony,Faro
Inês56,Inês,inês56@outlook.pt,Digital Pro,8,2017-11-14 01:24,Intel,Coimbra
Rodrigo49,Rodrigo,rodrigo49@ua.pt,Car Earth,16,2018-09-14 06:09,Valve,Lisboa
Rodrigo49,Rodrigo,rodrigo49@ua.pt,Soldier Ultra,18,2015-12-15 08:55,Naughty Dog,Martin
Rodrigo49,Rodrigo,rodrigo49@ua.pt,Pro Fight,16,2017-10-04 09:41,Nintendo,Faro
Rodrigo49,Rodrigo,rodrigo49@ua.pt,II Dawn,12,2016-05-13 23:47,Nintendo,Faro
Margarida5,Margarida,margarida5@outlook.pt,Dawn Sun,2,2017-03-05 14:45,Naughty Dog,Martin
Margarida5,Margarida,margarida5@outlook.pt,Sun Pro,8,2015-06-04 09:34,Intel,Coimbra
Margarida5,Margarida,margarida5@outlook.pt,I Earth,18,2018-05-23 02:48,Intel,Coimbra
Margarida5,Margarida,margarida5@outlook.pt,Sun War,12,2015-04-11 09:37,Sony,Faro
Margarida5,Margarida,margarida5@outlook.pt,Digital Pro,8,2017-11-14 01:24,Intel,Coimbra
Rafael1,Rafael,rafael1@outlook.pt,Dawn Sun,2,2017-03-05 14:45,Naughty Dog,Martin
Rafael1,Rafael,rafael1@outlook.pt,Soldier Ultra,18,2015-12-15 08:55,Naughty Dog,Martin
Rafael1,Rafael,rafael1@outlook.pt,Earth Motor,2,2018-12-18 22:47,Nintendo,Faro
Miguel21,Miguel,miguel21@ua.pt,Infamous Dawn,2,2018-03-20 12:05,Sony,Faro
Miguel21,Miguel,miguel21@ua.pt,War Ultra,12,2015-10-02 08:09,Intel,Coimbra
Miguel21,Miguel,miguel21@ua.pt,Soldier Ultra,18,2015-12-15 08:55,Naughty Dog,Martin
Miguel21,Miguel,miguel21@ua.pt,War I,2,2018-04-21 01:43,Valve,Lisboa
Miguel21,Miguel,miguel21@ua.pt,Extreme Motor,8,2015-06-03 07:06,Pokemon,Martin
Filipa19,Filipa,filipa19@ua.pt,Digital Infamous,12,2018-11-07 01:24,Valve,Lisboa
Filipa19,Filipa,filipa19@ua.pt,Soldier Ultra,18,2015-12-15 08:55,Naughty Dog,Martin
Lara71,Lara,lara71@outlook.pt,Soldier Soldier,16,2016-03-01 10:47,Sony,Faro
Lara71,Lara,lara71@outlook.pt,Car Earth,16,2018-09-14 06:09,Valve,Lisboa
Lara71,Lara,lara71@outlook.pt,First Night,12,2017-01-28 01:18,Valve,Lisboa
Lara71,Lara,lara71@outlook.pt,Soldier Ultra,18,2015-12-15 08:55,Naughty Dog,Martin
José93,José,josé93@outlook.pt,Ultra I,12,2017-07-19 01:16,Valve,Lisboa
José93,José,josé93@outlook.pt,Night Digital,12,2015-02-06 00:38,Pokemon,Martin
Mafalda42,Mafalda,mafalda42@ua.pt,Ultra Motor,18,2017-10-23 16:08,Valve,Lisboa
Mafalda42,Mafalda,mafalda42@ua.pt,Ultra II,8,2015-04-25 15:13,Pokemon,Martin
João47,João,joão47@hotmail.com,Earth Motor,2,2018-12-18 22:47,Nintendo,Faro
Pedro31,Pedro,pedro31@hotmail.com,Night Digital,12,2015-02-06 00:38,Pokemon,Martin
Pedro31,Pedro,pedro31@hotmail.com,Last War,2,2016-07-16 20:26,Pokemon,Martin
Leonor42,Leonor,leonor42@hotmail.com,Ultimate Dawn,16,2015-12-07 13:29,Nintendo,Faro
Leonor42,Leonor,leonor42@hotmail.com,Car Earth,16,2018-09-14 06:09,Valve,Lisboa
Leonor42,Leonor,leonor42@hotmail.com,Ultra Motor,18,2017-10-23 16:08,Valve,Lisboa
Santiago90,Santiago,santiago90@hotmail.com,Ultra I,12,2017-07-19 01:16,Valve,Lisboa
Santiago90,Santiago,santiago90@hotmail.com,Night War,12,2015-03-20 19:12,Naughty Dog,Martin
Maria43,Maria,maria43@ua.pt,Night Digital,12,2015-02-06 00:38,Pokemon,Martin
Maria43,Maria,maria43@ua.pt,Digital Infamous,12,2018-11-07 01:24,Valve,Lisboa
Maria43,Maria,maria43@ua.pt,Last Sun,18,2015-06-26 12:36,Intel,Coimbra
Maria43,Maria,maria43@ua.pt,Ultimate Dawn,16,2015-12-07 13:29,Nintendo,Faro
Maria43,Maria,maria43@ua.pt,Soldier Ultra,18,2015-12-15 08:55,Naughty Dog,Martin
Rodrigo35,Rodrigo,rodrigo35@hotmail.com,First Night,12,2017-01-28 01:18,Valve,Lisboa
Rodrigo35,Rodrigo,rodrigo35@hotmail.com,War I,2,2018-04-21 01:43,Valve,Lisboa
Rodrigo35,Rodrigo,rodrigo35@hotmail.com,Ultra I,12,2017-07-19 01:16,Valve,Lisboa
Rodrigo35,Rodrigo,rodrigo35@hotmail.com,Dawn Final,8,2018-08-23 14:24,Sony,Faro
Rodrigo35,Rodrigo,rodrigo35@hotmail.com,First Final,2,2017-01-12 21:26,Nintendo,Faro
Filipa63,Filipa,filipa63@outlook.pt,Sun War,12,2015-04-11 09:37,Sony,Faro
Filipa63,Filipa,filipa63@outlook.pt,II Dawn,12,2016-05-13 23:47,Nintendo,Faro
Leonor19,Leonor,leonor19@outlook.pt,Ultimate Dawn,16,2015-12-07 13:29,Nintendo,Faro
Leonor19,Leonor,leonor19@outlook.pt,Extreme II,2,2015-05-26 09:52,Pokemon,Martin
Leonor19,Leonor,leonor19@outlook.pt,Last War,2,2016-07-16 20:26,Pokemon,Martin
Leonor19,Leonor,leonor19@outlook.pt,Soldier Sun,12,2015-09-02 05:42,Sony,Faro
Leonor19,Leonor,leonor19@outlook.pt,Soldier Motor,8,2016-01-01 03:34,Sony,Faro
Leonor19,Leonor,leonor19@outlook.pt,War I,2,2018-04-21 01:43,Valve,Lisboa
José29,José,josé29@ua.pt,Ultra II,8,2015-04-25 15:13,Pokemon,Martin
José29,José,josé29@ua.pt,Extreme Motor,8,2015-06-03 07:06,Pokemon,Martin
Helena2,Helena,helena2@outlook.pt,Ultra II,8,2015-04-25 15:13,Pokemon,Martin
Helena2,Helena,helena2@outlook.pt,Sun Pro,8,2015-06-04 09:34,Intel,Coimbra
Helena2,Helena,helena2@outlook.pt,Ultra Motor,18,2017-10-23 16:08,Valve,Lisboa
Helena2,Helena,helena2@outlook.pt,Ultimate Dawn,16,2015-12-07 13:29,Nintendo,Faro
Helena2,Helena,helena2@outlook.pt,Last Sun,18,2015-06-26 12:36,Intel,Coimbra
Rodrigo37,Rodrigo,rodrigo37@ua.pt,Dawn Final,8,2018-08-23 14:24,Sony,Faro
Rodrigo37,Rodrigo,rodrigo37@ua.pt,Ultra II,8,2015-04-25 15:13,Pokemon,Martin
Rodrigo37,Rodrigo,rodrigo37@ua.pt,Soldier Motor,8,2016-01-01 03:34,Sony,Faro
Inês93,Inês,inês93@outlook.pt,War I,2,2018-04-21 01:43,Valve,Lisboa
Inês93,Inês,inês93@outlook.pt,Ultimate Dawn,16,2015-12-07 13:29,Nintendo,Faro
Inês93,Inês,inês93@outlook.pt,Last War,2,2016-07-16 20:26,Pokemon,Martin
Inês93,Inês,inês93@outlook.pt,War Insane,18,2018-11-01 00:13,Sony,Faro
Inês93,Inês,inês93@outlook.pt,Sun Pro,8,2015-06-04 09:34,Intel,Coimbra
Inês93,Inês,inês93@outlook.pt,Pro Fight,16,2017-10-04 09:41,Nintendo,Faro
Teresa18,Teresa,teresa18@hotmail.com,Last Plus,18,2017-02-13 02:13,Intel,Coimbra
Teresa18,Teresa,teresa18@hotmail.com,Soldier Last,2,2017-10-01 22:56,Nintendo,Faro
João66,João,joão66@ua.pt,Dawn Final,8,2018-08-23 14:24,Sony,Faro
João66,João,joão66@ua.pt,War Insane,18,2018-11-01 00:13,Sony,Faro
Rafael12,Rafael,rafael12@hotmail.com,Ultra I,12,2017-07-19 01:16,Valve,Lisboa
Marta57,Marta,marta57@hotmail.com,II Dawn,12,2016-05-13 23:47,Nintendo,Faro
Marta57,Marta,marta57@hotmail.com,Soldier Last,2,2017-10-01 22:56,Nintendo,Faro
Marta57,Marta,marta57@hotmail.com,Soldier Motor,8,2016-01-01 03:34,Sony,Faro
Margarida46,Margarida,margarida46@hotmail.com,Pro Fight,16,2017-10-04 09:41,Nintendo,Faro
Rodrigo43,Rodrigo,rodrigo43@ua.pt,Dawn Final,8,2018-08-23 14:24,Sony,Faro
Rodrigo43,Rodrigo,rodrigo43@ua.pt,II Fight,8,2018-11-20 22:33,Pokemon,Martin
Rodrigo43,Rodrigo,rodrigo43@ua.pt,Pro Fight,16,2017-10-04 09:41,Nintendo,Faro
Rodrigo43,Rodrigo,rodrigo43@ua.pt,Ultra Motor,18,2017-10-23 16:08,Valve,Lisboa
Rodrigo43,Rodrigo,rodrigo43@ua.pt,Earth Motor,2,2018-12-18 22:47,Nintendo,Faro
Rodrigo43,Rodrigo,rodrigo43@ua.pt,Pro Last,12,2018-09-12 15:31,Naughty Dog,Martin
Soraia75,Soraia,soraia75@outlook.pt,Extreme Motor,8,2015-06-03 07:06,Pokemon,Martin
Soraia75,Soraia,soraia75@outlook.pt,Night Digital,12,2015-02-06 00:38,Pokemon,Martin
Soraia75,Soraia,soraia75@outlook.pt,Infamous Digital,12,2017-04-25 20:31,Pokemon,Martin
Soraia75,Soraia,soraia75@outlook.pt,Ultra I,12,2017-07-19 01:16,Valve,Lisboa
Luís13,Luís,luís13@ua.pt,Ultra Motor,18,2017-10-23 16:08,Valve,Lisboa
Luís13,Luís,luís13@ua.pt,Dawn Final,8,2018-08-23 14:24,Sony,Faro
Luís13,Luís,luís13@ua.pt,Earth Motor,2,2018-12-18 22:47,Nintendo,Faro
Luís13,Luís,luís13@ua.pt,Car Earth,16,2018-09-14 06:09,Valve,Lisboa
Luís13,Luís,luís13@ua.pt,First Night,12,2017-01-28 01:18,Valve,Lisboa
Luís13,Luís,luís13@ua.pt,I Earth,18,2018-05-23 02:48,Intel,Coimbra
Miguel2,Miguel,miguel2@hotmail.com,Soldier Sun,12,2015-09-02 05:42,Sony,Faro
Miguel2,Miguel,miguel2@hotmail.com,Pro Last,12,2018-09-12 15:31,Naughty Dog,Martin
Leonor80,Leonor,leonor80@outlook.pt,Last Plus,18,2017-02-13 02:13,Intel,Coimbra
Carla22,Carla,carla22@outlook.pt,Ultimate Fight,12,2017-01-02 12:17,Valve,Lisboa
Carla22,Carla,carla22@outlook.pt,Car Earth,16,2018-09-14 06:09,Valve,Lisboa
Carla22,Carla,carla22@outlook.pt,Infamous Digital,12,2017-04-25 20:31,Pokemon,Martin
Carla22,Carla,carla22@outlook.pt,Soldier Sun,12,2015-09-02 05:42,Sony,Faro
Rita47,Rita,rita47@ua.pt,Ultra Motor,18,2017-10-23 16:08,Valve,Lisboa
Rita47,Rita,rita47@ua.pt,Infamous Dawn,2,2018-03-20 12:05,Sony,Faro
Teresa3,Teresa,teresa3@ua.pt,Ultimate Dawn,16,2015-12-07 13:29,Nintendo,Faro
Teresa3,Teresa,teresa3@ua.pt,Ultimate Fight,12,2017-01-02 12:17,Valve,Lisboa
Teresa3,Teresa,teresa3@ua.pt,Last War,2,2016-07-16 20:26,Pokemon,Martin
Teresa3,Teresa,teresa3@ua.pt,Pro Fight,16,2017-10-04 09:41,Nintendo,Faro
Teresa3,Teresa,teresa3@ua.pt,Dawn First,8,2015-06-11 10:35,Naughty Dog,Martin
Teresa3,Teresa,teresa3@ua.pt,Earth First,8,2016-06-23 15:31,Nintendo,Faro
Rodrigo53,Rodrigo,rodrigo53@hotmail.com,Extreme Motor,8,2015-06-03 07:06,Pokemon,Martin
Rodrigo53,Rodrigo,rodrigo53@hotmail.com,Infamous Digital,12,2017-04-25 20:31,Pokemon,Martin
João20,João,joão20@ua.pt,Last War,2,2016-07-16 20:26,Pokemon,Martin
João20,João,joão20@ua.pt,Final Sun,8,2016-09-01 08:22,Naughty Dog,Martin
Teresa31,Teresa,teresa31@hotmail.com,Soldier Motor,8,2016-01-01 03:34,Sony,Faro
Teresa31,Teresa,teresa31@hotmail.com,Ultra II,8,2015-04-25 15:13,Pokemon,Martin
Teresa31,Teresa,teresa31@hotmail.com,Extreme Motor,8,2015-06-03 07:06,Pokemon,Martin
Teresa31,Teresa,teresa31@hotmail.com,Night War,12,2015-03-20 19:12,Naughty Dog,Martin
Rita32,Rita,rita32@outlook.pt,Ultimate Fight,12,2017-01-02 12:17,Valve,Lisboa
Rita32,Rita,rita32@outlook.pt,Last Sun,18,2015-06-26 12:36,Intel,Coimbra
Rita32,Rita,rita32@outlook.pt,War Insane,18,2018-11-01 00:13,Sony,Faro
Rita32,Rita,rita32@outlook.pt,Final Sun,8,2016-09-01 08:22,Naughty Dog,Martin
Rita32,Rita,rita32@outlook.pt,II Fight,8,2018-11-20 22:33,Pokemon,Martin
Rita38,Rita,rita38@outlook.pt,Extreme Motor,8,2015-06-03 07:06,Pokemon,Martin
Rita38,Rita,rita38@outlook.pt,Car Earth,16,2018-09-14 06:09,Valve,Lisboa
Rita38,Rita,rita38@outlook.pt,Soldier Ultra,18,2015-12-15 08:55,Naughty Dog,Martin
Leonor65,Leonor,leonor65@outlook.pt,Soldier Ultra,18,2015-12-15 08:55,Naughty Dog,Martin
Leonor65,Leonor,leonor65@outlook.pt,Soldier Soldier,16,2016-03-01 10:47,Sony,Faro
Leonor65,Leonor,leonor65@outlook.pt,War Insane,18,2018-11-01 00:13,Sony,Faro
Leonor65,Leonor,leonor65@outlook.pt,Digital Infamous,12,2018-11-07 01:24,Valve,Lisboa
Leonor65,Leonor,leonor65@outlook.pt,Pro Last,12,2018-09-12 15:31,Naughty Dog,Martin
Ana28,Ana,ana28@outlook.pt,Soldier Last,2,2017-10-01 22:56,Nintendo,Faro
Ana28,Ana,ana28@outlook.pt,Extreme II,2,2015-05-26 09:52,Pokemon,Martin
Ana28,Ana,ana28@outlook.pt,First Final,2,2017-01-12 21:26,Nintendo,Faro
Rosa85,Rosa,rosa85@outlook.pt,Last Plus,18,2017-02-13 02:13,Intel,Coimbra
Rosa85,Rosa,rosa85@outlook.pt,Ultra I,12,2017-07-19 01:16,Valve,Lisboa
Rosa85,Rosa,rosa85@outlook.pt,Pro Last,12,2018-09-12 15:31,Naughty Dog,Martin
Rosa85,Rosa,rosa85@outlook.pt,Earth Motor,2,2018-12-18 22:47,Nintendo,Faro
Miguel1,Miguel,miguel1@outlook.pt,Infamous Dawn,2,2018-03-20 12:05,Sony,Faro
Inês55,Inês,inês55@outlook.pt,I Earth,18,2018-05-23 02:48,Intel,Coimbra
Inês55,Inês,inês55@outlook.pt,Extreme II,2,2015-05-26 09:52,Pokemon,Martin
Margarida94,Margarida,margarida94@ua.pt,Soldier Soldier,16,2016-03-01 10:47,Sony,Faro
Margarida94,Margarida,margarida94@ua.pt,Last Plus,18,2017-02-13 02:13,Intel,Coimbra
Margarida94,Margarida,margarida94@ua.pt,First Final,2,2017-01-12 21:26,Nintendo,Faro
Vera45,Vera,vera45@ua.pt,Soldier Last,2,2017-10-01 22:56,Nintendo,Faro
Vera45,Vera,vera45@ua.pt,First Night,12,2017-01-28 01:18,Valve,Lisboa
Carla7,Carla,carla7@outlook.pt,Soldier Last,2,2017-10-01 22:56,Nintendo,Faro
Carla7,Carla,carla7@outlook.pt,Sun Pro,8,2015-06-04 09:34,Intel,Coimbra
Carla7,Carla,carla7@outlook.pt,Soldier Ultra,18,2015-12-15 08:55,Naughty Dog,Martin
Carla7,Carla,carla7@outlook.pt,First Night,12,2017-01-28 01:18,Valve,Lisboa
Carla7,Carla,carla7@outlook.pt,Soldier Sun,12,2015-09-02 05:42,Sony,Faro
Vera90,Vera,vera90@hotmail.com,Soldier Last,2,2017-10-01 22:56,Nintendo,Faro
Vera90,Vera,vera90@hotmail.com,II Dawn,12,2016-05-13 23:47,Nintendo,Faro
Luís23,Luís,luís23@hotmail.com,Dawn Final,8,2018-08-23 14:24,Sony,Faro
Teresa79,Teresa,teresa79@ua.pt,Sun War,12,2015-04-11 09:37,Sony,Faro
Teresa79,Teresa,teresa79@ua.pt,Ultra Motor,18,2017-10-23 16:08,Valve,Lisboa
Teresa79,Teresa,teresa79@ua.pt,Night War,12,2015-03-20 19:12,Naughty Dog,Martin
Luís11,Luís,luís11@hotmail.com,Ultra II,8,2015-04-25 15:13,Pokemon,Martin
Luís11,Luís,luís11@hotmail.com,Ultimate Dawn,16,2015-12-07 13:29,Nintendo,Faro
Luís11,Luís,luís11@hotmail.com,Night War,12,2015-03-20 19:12,Naughty Dog,Martin
Ana84,Ana,ana84@ua.pt,Final Sun,8,2016-09-01 08:22,Naughty Dog,Martin
Ana84,Ana,ana84@ua.pt,Infamous Digital,12,2017-04-25 20:31,Pokemon,Martin
Ana84,Ana,ana84@ua.pt,Dawn Final,8,2018-08-23 14:24,Sony,Faro
Carla3,Carla,carla3@hotmail.com,Pro Fight,16,2017-10-04 09:41,Nintendo,Faro
Carla3,Carla,carla3@hotmail.com,II Dawn,12,2016-05-13 23:47,Nintendo,Faro
Carla3,Carla,carla3@hotmail.com,Dawn Final,8,2018-08-23 14:24,Sony,Faro
Pedro18,Pedro,pedro18@outlook.pt,Soldier Ultra,18,2015-12-15 08:55,Naughty Dog,Martin
Pedro18,Pedro,pedro18@outlook.pt,Extreme II,2,2015-05-26 09:52,Pokemon,Martin
Pedro18,Pedro,pedro18@outlook.pt,Soldier Motor,8,2016-01-01 03:34,Sony,Faro
Pedro18,Pedro,pedro18@outlook.pt,Night War,12,2015-03-20 19:12,Naughty Dog,Martin
Marta96,Marta,marta96@hotmail.com,Digital Pro,8,2017-11-14 01:24,Intel,Coimbra
Marta96,Marta,marta96@hotmail.com,Dawn Final,8,2018-08-23 14:24,Sony,Faro
Marta96,Marta,marta96@hotmail.com,Night War,12,2015-03-20 19:12,Naughty Dog,Martin
Rafael26,Rafael,rafael26@outlook.pt,War Insane,18,2018-11-01 00:13,Sony,Faro
Rafael26,Rafael,rafael26@outlook.pt,Extreme II,2,2015-05-26 09:52,Pokemon,Martin
Rafael26,Rafael,rafael26@outlook.pt,Soldier Ultra,18,2015-12-15 08:55,Naughty Dog,Martin
Rafael26,Rafael,rafael26@outlook.pt,War Ultra,12,2015-10-02 08:09,Intel,Coimbra
Rafael26,Rafael,rafael26@outlook.pt,First Final,2,2017-01-12 21:26,Nintendo,Faro
Rafael26,Rafael,rafael26@outlook.pt,Ultra I,12,2017-07-19 01:16,Valve,Lisboa
Leonor43,Leonor,leonor43@outlook.pt,First Night,12,2017-01-28 01:18,Valve,Lisboa
Leonor43,Leonor,leonor43@outlook.pt,II Dawn,12,2016-05-13 23:47,Nintendo,Faro
Teresa13,Teresa,teresa13@hotmail.com,Ultra I,12,2017-07-19 01:16,Valve,Lisboa
Marta37,Marta,marta37@outlook.pt,I Earth,18,2018-05-23 02:48,Intel,Coimbra
Rosa7,Rosa,rosa7@ua.pt,I Earth,18,2018-05-23 02:48,Intel,Coimbra
Rodrigo36,Rodrigo,rodrigo36@outlook.pt,Dawn Sun,2,2017-03-05 14:45,Naughty Dog,Martin
Rodrigo36,Rodrigo,rodrigo36@outlook.pt,Soldier Sun,12,2015-09-02 05:42,Sony,Faro
Rodrigo32,Rodrigo,rodrigo32@ua.pt,Digital Pro,8,2017-11-14 01:24,Intel,Coimbra
Rodrigo32,Rodrigo,rodrigo32@ua.pt,Pro Fight,16,2017-10-04 09:41,Nintendo,Faro
Rodrigo32,Rodrigo,rodrigo32@ua.pt,Soldier Ultra,18,2015-12-15 08:55,Naughty Dog,Martin
Miguel38,Miguel,miguel38@ua.pt,War Insane,18,2018-11-01 00:13,Sony,Faro
Miguel38,Miguel,miguel38@ua.pt,Ultra Motor,18,2017-10-23 16:08,Valve,Lisboa
Miguel38,Miguel,miguel38@ua.pt,Car Earth,16,2018-09-14 06:09,Valve,Lisboa
Miguel38,Miguel,miguel38@ua.pt,Pro Last,12,2018-09-12 15:31,Naughty Dog,Martin
Miguel38,Miguel,miguel38@ua.pt,First Final,2,2017-01-12 21:26,Nintendo,Faro
Mafalda60,Mafalda,mafalda60@ua.pt,Last Plus,18,2017-02-13 02:13,Intel,Coimbra
Mafalda60,Mafalda,mafalda60@ua.pt,Night War,12,2015-03-20 19:12,Naughty Dog,Martin
Mafalda60,Mafalda,mafalda60@ua.pt,Soldier Ultra,18,2015-12-15 08:55,Naughty Dog,Martin
Carla28,Carla,carla28@ua.pt,Infamous Digital,12,2017-04-25 20:31,Pokemon,Martin
Carla28,Carla,carla28@ua.pt,Dawn Sun,2,2017-03-05 14:45,Naughty Dog,Martin
Soraia19,Soraia,soraia19@outlook.pt,War Insane,18,2018-11-01 00:13,Sony,Faro
Soraia19,Soraia,soraia19@outlook.pt,Dawn Sun,2,2017-03-05 14:45,Naughty Dog,Martin
Soraia19,Soraia,soraia19@outlook.pt,Soldier Ultra,18,2015-12-15 08:55,Naughty Dog,Martin
João98,João,joão98@hotmail.com,Ultra Motor,18,2017-10-23 16:08,Valve,Lisboa
João98,João,joão98@hotmail.com,Final Sun,8,2016-09-01 08:22,Naughty Dog,Martin
João98,João,joão98@hotmail.com,War Ultra,12,2015-10-02 08:09,Intel,Coimbra
João61,João,joão61@outlook.pt,Sun Pro,8,2015-06-04 09:34,Intel,Coimbra
João61,João,joão61@outlook.pt,Soldier Soldier,16,2016-03-01 10:47,Sony,Faro
João61,João,joão61@outlook.pt,Ultra Motor,18,2017-10-23 16:08,Valve,Lisboa
João61,João,joão61@outlook.pt,Pro Fight,16,2017-10-04 09:41,Nintendo,Faro
João61,João,joão61@outlook.pt,Soldier Ultra,18,2015-12-15 08:55,Naughty Dog,Martin
João61,João,joão61@outlook.pt,Sun War,12,2015-04-11 09:37,Sony,Faro
Miguel56,Miguel,miguel56@ua.pt,Soldier Last,2,2017-10-01 22:56,Nintendo,Faro
Miguel56,Miguel,miguel56@ua.pt,Soldier Motor,8,2016-01-01 03:34,Sony,Faro
Miguel56,Miguel,miguel56@ua.pt,II Fight,8,2018-11-20 22:33,Pokemon,Martin
Miguel56,Miguel,miguel56@ua.pt,War I,2,2018-04-21 01:43,Valve,Lisboa
Santiago85,Santiago,santiago85@hotmail.com,Ultimate Dawn,16,2015-12-07 13:29,Nintendo,Faro
Helena34,Helena,helena34@ua.pt,Last Sun,18,2015-06-26 12:36,Intel,Coimbra
Helena34,Helena,helena34@ua.pt,Digital Infamous,12,2018-11-07 01:24,Valve,Lisboa
Helena34,Helena,helena34@ua.pt,Soldier Motor,8,2016-01-01 03:34,Sony,Faro
Helena34,Helena,helena34@ua.pt,Car Earth,16,2018-09-14 06:09,Valve,Lisboa
Helena34,Helena,helena34@ua.pt,War Ultra,12,2015-10-02 08:09,Intel,Coimbra
Helena34,Helena,helena34@ua.pt,Earth First,8,2016-06-23 15:31,Nintendo,Faro
Margarida73,Margarida,margarida73@outlook.pt,War Ultra,12,2015-10-02 08:09,Intel,Coimbra
Margarida73,Margarida,margarida73@outlook.pt,First Night,12,2017-01-28 01:18,Valve,Lisboa
Margarida73,Margarida,margarida73@outlook.pt,Dawn Sun,2,2017-03-05 14:45,Naughty Dog,Martin
Marta27,Marta,marta27@outlook.pt,Infamous Digital,12,2017-04-25 20:31,Pokemon,Martin
Marta27,Marta,marta27@outlook.pt,Ultra Motor,18,2017-10-23 16:08,Valve,Lisboa
Marta27,Marta,marta27@outlook.pt,Ultra II,8,2015-04-25 15:13,Pokemon,Martin
Vera22,Vera,vera22@ua.pt,Last War,2,2016-07-16 20:26,Pokemon,Martin
Vera22,Vera,vera22@ua.pt,I Earth,18,2018-05-23 02:48,Intel,Coimbra
Vera22,Vera,vera22@ua.pt,First Night,12,2017-01-28 01:18,Valve,Lisboa
Vera22,Vera,vera22@ua.pt,Ultimate Fight,12,2017-01-02 12:17,Valve,Lisboa
Vera22,Vera,vera22@ua.pt,Ultimate Dawn,16,2015-12-07 13:29,Nintendo,Faro
Vera22,Vera,vera22@ua.pt,Pro Last,12,2018-09-12 15:31,Naughty Dog,Martin
Luís56,Luís,luís56@hotmail.com,Earth Motor,2,2018-12-18 22:47,Nintendo,Faro
Luís56,Luís,luís56@hotmail.com,Soldier Last,2,2017-10-01 22:56,Nintendo,Faro
Luís56,Luís,luís56@hotmail.com,Pro Last,12,2018-09-12 15:31,Naughty Dog,Martin
Luís56,Luís,luís56@hotmail.com,Soldier Motor,8,2016-01-01 03:34,Sony,Faro
Luís56,Luís,luís56@hotmail.com,Night War,12,2015-03-20 19:12,Naughty Dog,Martin
Luís63,Luís,luís63@outlook.pt,I Earth,18,2018-05-23 02:48,Intel,Coimbra
Luís63,Luís,luís63@outlook.pt,Dawn Final,8,2018-08-23 14:24,Sony,Faro
Luís63,Luís,luís63@outlook.pt,Last War,2,2016-07-16 20:26,Pokemon,Martin
Luís63,Luís,luís63@outlook.pt,Sun Pro,8,2015-06-04 09:34,Intel,Coimbra
Rosa70,Rosa,rosa70@hotmail.com,Ultra Motor,18,2017-10-23 16:08,Valve,Lisboa
Rosa70,Rosa,rosa70@hotmail.com,War Insane,18,2018-11-01 00:13,Sony,Faro
Rosa70,Rosa,rosa70@hotmail.com,I Earth,18,2018-05-23 02:48,Intel,Coimbra
Rosa70,Rosa,rosa70@hotmail.com,Earth Motor,2,2018-12-18 22:47,Nintendo,Faro
Rosa70,Rosa,rosa70@hotmail.com,Ultimate Dawn,16,2015-12-07 13:29,Nintendo,Faro
Ana71,Ana,ana71@outlook.pt,Last Sun,18,2015-06-26 12:36,Intel,Coimbra
Ana71,Ana,ana71@outlook.pt,Ultra I,12,2017-07-19 01:16,Valve,Lisboa
Ana71,Ana,ana71@outlook.pt,Ultra Motor,18,2017-10-23 16:08,Valve,Lisboa
Ana71,Ana,ana71@outlook.pt,Earth First,8,2016-06-23 15:31,Nintendo,Faro
Santiago28,Santiago,santiago28@ua.pt,Last Sun,18,2015-06-26 12:36,Intel,Coimbra
Santiago28,Santiago,santiago28@ua.pt,Night War,12,2015-03-20 19:12,Naughty Dog,Martin
Santiago28,Santiago,santiago28@ua.pt,Earth Motor,2,2018-12-18 22:47,Nintendo,Faro
Santiago28,Santiago,santiago28@ua.pt,Extreme Motor,8,2015-06-03 07:06,Pokemon,Martin
Santiago28,Santiago,santiago28@ua.pt,Digital Infamous,12,2018-11-07 01:24,Valve,Lisboa
Mafalda72,Mafalda,mafalda72@hotmail.com,Last Sun,18,2015-06-26 12:36,Intel,Coimbra
Mafalda72,Mafalda,mafalda72@hotmail.com,Soldier Last,2,2017-10-01 22:56,Nintendo,Faro
Mafalda72,Mafalda,mafalda72@hotmail.com,Dawn Final,8,2018-08-23 14:24,Sony,Faro
Mafalda72,Mafalda,mafalda72@hotmail.com,Ultra Motor,18,2017-10-23 16:08,Valve,Lisboa
Miguel32,Miguel,miguel32@outlook.pt,Dawn Sun,2,2017-03-05 14:45,Naughty Dog,Martin
Francisca89,Francisca,francisca89@hotmail.com,Ultimate Fight,12,2017-01-02 12:17,Valve,Lisboa
Francisca89,Francisca,francisca89@hotmail.com,Extreme Motor,8,2015-06-03 07:06,Pokemon,Martin
Francisca89,Francisca,francisca89@hotmail.com,Night War,12,2015-03-20 19:12,Naughty Dog,Martin
Francisca89,Francisca,francisca89@hotmail.com,Dawn First,8,2015-06-11 10:35,Naughty Dog,Martin
Rita16,Rita,rita16@outlook.pt,Ultimate Dawn,16,2015-12-07 13:29,Nintendo,Faro
Rita16,Rita,rita16@outlook.pt,Soldier Sun,12,2015-09-02 05:42,Sony,Faro
Rita16,Rita,rita16@outlook.pt,Soldier Soldier,16,2016-03-01 10:47,Sony,Faro
Rita16,Rita,rita16@outlook.pt,Car Earth,16,2018-09-14 06:09,Valve,Lisboa
Rita16,Rita,rita16@outlook.pt,Earth Motor,2,2018-12-18 22:47,Nintendo,Faro
Miguel20,Miguel,miguel20@hotmail.com,War Insane,18,2018-11-01 00:13,Sony,Faro
Luís94,Luís,luís94@ua.pt,Earth First,8,2016-06-23 15:31,Nintendo,Faro
Luís94,Luís,luís94@ua.pt,Pro Last,12,2018-09-12 15:31,Naughty Dog,Martin
Luís94,Luís,luís94@ua.pt,Pro Fight,16,2017-10-04 09:41,Nintendo,Faro
Alice19,Alice,alice19@ua.pt,Last Sun,18,2015-06-26 12:36,Intel,Coimbra
Alice19,Alice,alice19@ua.pt,Car Earth,16,2018-09-14 06:09,Valve,Lisboa
Alice19,Alice,alice19@ua.pt,Dawn First,8,2015-06-11 10:35,Naughty Dog,Martin
Alice19,Alice,alice19@ua.pt,Infamous Dawn,2,2018-03-20 12:05,Sony,Faro
Santiago81,Santiago,santiago81@ua.pt,War Insane,18,2018-11-01 00:13,Sony,Faro
Santiago81,Santiago,santiago81@ua.pt,Night Digital,12,2015-02-06 00:38,Pokemon,Martin
Santiago81,Santiago,santiago81@ua.pt,War Ultra,12,2015-10-02 08:09,Intel,Coimbra
Santiago81,Santiago,santiago81@ua.pt,Final Sun,8,2016-09-01 08:22,Naughty Dog,Martin
Filipa63,Filipa,filipa63@ua.pt,Ultra I,12,2017-07-19 01:16,Valve,Lisboa
Filipa63,Filipa,filipa63@ua.pt,Sun War,12,2015-04-11 09:37,Sony,Faro
Filipa63,Filipa,filipa63@ua.pt,First Night,12,2017-01-28 01:18,Valve,Lisboa
Carla32,Carla,carla32@outlook.pt,Soldier Soldier,16,2016-03-01 10:47,Sony,Faro
Carla32,Carla,carla32@outlook.pt,War Ultra,12,2015-10-02 08:09,Intel,Coimbra
Soraia72,Soraia,soraia72@hotmail.com,Sun War,12,2015-04-11 09:37,Sony,Faro
Soraia72,Soraia,soraia72@hotmail.com,Dawn Sun,2,2017-03-05 14:45,Naughty Dog,Martin
Soraia72,Soraia,soraia72@hotmail.com,Last Plus,18,2017-02-13 02:13,Intel,Coimbra
Soraia72,Soraia,soraia72@hotmail.com,War Ultra,12,2015-10-02 08:09,Intel,Coimbra
Santiago10,Santiago,santiago10@outlook.pt,II Dawn,12,2016-05-13 23:47,Nintendo,Faro
Santiago10,Santiago,santiago10@outlook.pt,Extreme II,2,2015-05-26 09:52,Pokemon,Martin
Santiago10,Santiago,santiago10@outlook.pt,Ultra Motor,18,2017-10-23 16:08,Valve,Lisboa
Santiago10,Santiago,santiago10@outlook.pt,Ultra I,12,2017-07-19 01:16,Valve,Lisboa
Santiago10,Santiago,santiago10@outlook.pt,Sun Pro,8,2015-06-04 09:34,Intel,Coimbra
Rodrigo42,Rodrigo,rodrigo42@hotmail.com,Sun War,12,2015-04-11 09:37,Sony,Faro
Rodrigo42,Rodrigo,rodrigo42@hotmail.com,Soldier Sun,12,2015-09-02 05:42,Sony,Faro
Rodrigo42,Rodrigo,rodrigo42@hotmail.com,Soldier Ultra,18,2015-12-15 08:55,Naughty Dog,Martin
Rodrigo42,Rodrigo,rodrigo42@hotmail.com,Extreme II,2,2015-05-26 09:52,Pokemon,Martin
Rodrigo42,Rodrigo,rodrigo42@hotmail.com,Last Sun,18,2015-06-26 12:36,Intel,Coimbra
Francisca7,Francisca,francisca7@hotmail.com,Ultimate Fight,12,2017-01-02 12:17,Valve,Lisboa
Francisca7,Francisca,francisca7@hotmail.com,Ultra Motor,18,2017-10-23 16:08,Valve,Lisboa
Francisca7,Francisca,francisca7@hotmail.com,Car Earth,16,2018-09-14 06:09,Valve,Lisboa
Francisca7,Francisca,francisca7@hotmail.com,Night War,12,2015-03-20 19:12,Naughty Dog,Martin
Marta84,Marta,marta84@hotmail.com,Infamous Dawn,2,2018-03-20 12:05,Sony,Faro
Marta84,Marta,marta84@hotmail.com,Sun War,12,2015-04-11 09:37,Sony,Faro
Marta84,Marta,marta84@hotmail.com,Ultimate Fight,12,2017-01-02 12:17,Valve,Lisboa
Marta84,Marta,marta84@hotmail.com,Dawn First,8,2015-06-11 10:35,Naughty Dog,Martin
Soraia38,Soraia,soraia38@ua.pt,Car Earth,16,2018-09-14 06:09,Valve,Lisboa
Soraia38,Soraia,soraia38@ua.pt,Last War,2,2016-07-16 20:26,Pokemon,Martin
Soraia38,Soraia,soraia38@ua.pt,Pro Fight,16,2017-10-04 09:41,Nintendo,Faro
Soraia38,Soraia,soraia38@ua.pt,Dawn First,8,2015-06-11 10:35,Naughty Dog,Martin
Soraia38,Soraia,soraia38@ua.pt,II Fight,8,2018-11-20 22:33,Pokemon,Martin
Lara67,Lara,lara67@ua.pt,Soldier Last,2,2017-10-01 22:56,Nintendo,Faro
Lara67,Lara,lara67@ua.pt,Infamous Digital,12,2017-04-25 20:31,Pokemon,Martin
Lara67,Lara,lara67@ua.pt,Night War,12,2015-03-20 19:12,Naughty Dog,Martin
Lara67,Lara,lara67@ua.pt,War Ultra,12,2015-10-02 08:09,Intel,Coimbra
Rodrigo70,Rodrigo,rodrigo70@hotmail.com,II Fight,8,2018-11-20 22:33,Pokemon,Martin
Rodrigo70,Rodrigo,rodrigo70@hotmail.com,Dawn First,8,2015-06-11 10:35,Naughty Dog,Martin
Rodrigo70,Rodrigo,rodrigo70@hotmail.com,War I,2,2018-04-21 01:43,Valve,Lisboa
Rodrigo70,Rodrigo,rodrigo70@hotmail.com,Night War,12,2015-03-20 19:12,Naughty Dog,Martin
Rodrigo70,Rodrigo,rodrigo70@hotmail.com,Dawn Final,8,2018-08-23 14:24,Sony,Faro
Rodrigo70,Rodrigo,rodrigo70@hotmail.com,Infamous Dawn,2,2018-03-20 12:05,Sony,Faro
Rafael55,Rafael,rafael55@ua.pt,Dawn First,8,2015-06-11 10:35,Naughty Dog,Martin
Rafael55,Rafael,rafael55@ua.pt,Dawn Final,8,2018-08-23 14:24,Sony,Faro
Rafael55,Rafael,rafael55@ua.pt,Soldier Sun,12,2015-09-02 05:42,Sony,Faro
Carla47,Carla,carla47@hotmail.com,Last Sun,18,2015-06-26 12:36,Intel,Coimbra
Carla47,Carla,carla47@hotmail.com,Extreme Motor,8,2015-06-03 07:06,Pokemon,Martin
Carla47,Carla,carla47@hotmail.com,I Earth,18,2018-05-23 02:48,Intel,Coimbra
Carla47,Carla,carla47@hotmail.com,II Fight,8,2018-11-20 22:33,Pokemon,Martin
Carla47,Carla,carla47@hotmail.com,Dawn Final,8,2018-08-23 14:24,Sony,Faro
Carla47,Carla,carla47@hotmail.com,Dawn First,8,2015-06-11 10:35,Naughty Dog,Martin
Margarida24,Margarida,margarida24@hotmail.com,Digital Pro,8,2017-11-14 01:24,Intel,Coimbra
Margarida24,Margarida,margarida24@hotmail.com,Earth First,8,2016-06-23 15:31,Nintendo,Faro
Margarida24,Margarida,margarida24@hotmail.com,Earth Motor,2,2018-12-18 22:47,Nintendo,Faro
Margarida24,Margarida,margarida24@hotmail.com,Final Sun,8,2016-09-01 08:22,Naughty Dog,Martin
Leonor87,Leonor,leonor87@outlook.pt,Ultra II,8,2015-04-25 15:13,Pokemon,Martin
Leonor87,Leonor,leonor87@outlook.pt,Digital Pro,8,2017-11-14 01:24,Intel,Coimbra
Leonor87,Leonor,leonor87@outlook.pt,First Night,12,2017-01-28 01:18,Valve,Lisboa
Leonor87,Leonor,leonor87@outlook.pt,Ultimate Dawn,16,2015-12-07 13:29,Nintendo,Faro
Rafael68,Rafael,rafael68@outlook.pt,Night Digital,12,2015-02-06 00:38,Pokemon,Martin
Rafael68,Rafael,rafael68@outlook.pt,Pro Fight,16,2017-10-04 09:41,Nintendo,Faro
Rafael68,Rafael,rafael68@outlook.pt,II Dawn,12,2016-05-13 23:47,Nintendo,Faro
Inês52,Inês,inês52@ua.pt,Last War,2,2016-07-16 20:26,Pokemon,Martin
Inês52,Inês,inês52@ua.pt,Extreme Motor,8,2015-06-03 07:06,Pokemon,Martin
Inês52,Inês,inês52@ua.pt,First Night,12,2017-01-28 01:18,Valve,Lisboa
